id,domain,status,purchase_price,renewal_price,attractiveness,demand,length,registrar,created_at,expires_at,status_verified_at
8f046197-32fa-47fe-b854-fccb912523c0,piglet.kim,available,12.99,23.49,high,low,6,namesilo,,,19/09/2026 22:30
e52a649b-198f-4766-bde0-5c8b86010084,gilman.kim,available,12,,medium,low,6,unstoppable,,,28/09/2026 09:22
350e7277-c781-4443-8276-d7bf54df8a0a,unalarming.kim,available,5.98,32.98,medium,low,10,namecheap,,,12/09/2026 00:14
d839fdad-3c5d-4aa6-a763-435497d5349f,yang.kim,premium,260,260,high,low,4,namecheap,,,30/09/2026 19:08
84806440-1db0-4ae2-977a-7ecedf1e6ad6,lallygag.kim,available,5.98,32.98,medium,low,8,namecheap,,,11/09/2026 08:33
18cca45a-f290-4288-9940-d97f63c92043,cather.kim,available,12.99,23.49,medium,low,6,namesilo,,,02/10/2026 23:53
56c20f28-2db8-42bd-8445-f0722eb5dc4d,sinners.kim,available,12,,medium,low,7,unstoppable,,,02/10/2026 21:46
99adabd3-ae71-4848-8b35-055ff099d4ff,appointee.kim,available,5.98,32.98,medium,low,9,namecheap,,,19/09/2026 21:58
e39f03a9-635f-438e-9e0c-982c2d077f12,lawsuit.kim,available,5.38,18.83,high,low,7,spaceship,,,28/09/2026 05:25
b0617e9c-b69a-402c-ba97-45444d1b3a41,fourth.kim,available,5.98,32.98,high,low,6,namecheap,,,
8b1140bb-fd22-4946-bace-46511cdab88c,nrl.kim,available,8.24,19.05,medium,low,3,porkbun,,,28/09/2026 10:31
f87d7eb9-6562-417a-84a0-d4eb7790fd43,ingersoll.kim,available,12.99,23.49,medium,low,9,namesilo,,,29/09/2026 04:29
e7d50374-6aa2-4da1-89a0-0110d39dc1a3,dictator.kim,available,5.98,32.98,medium,low,8,namecheap,,,07/08/2026 19:17
347b6d92-b2aa-4e08-b647-9ee256b2179a,inhale.kim,available,12.99,23.49,high,low,6,namesilo,,,30/09/2026 16:29
9a844a9b-f372-4455-8f22-10b8a2f1f488,lopsided.kim,available,5.98,32.98,medium,low,8,namecheap,,,07/08/2026 03:41
11be188d-b4b5-4db8-b7c9-e8d072b7dc45,livelong.kim,available,5.98,32.98,high,low,8,namecheap,,,24/08/2026 07:57
c631b4e3-56f1-4685-b15b-10b16ff2bb30,thakur.kim,available,8.24,19.11,high,low,6,dynadot,,,02/10/2026 19:13
7325fca8-2719-4df3-a7bd-e28bf5eac9c9,colonies.kim,available,5.38,18.83,medium,low,8,spaceship,,,29/09/2026 15:59
e9b180a2-a525-4491-9ad6-02f3a1b4ca60,become.kim,available,12.99,23.49,high,low,6,namesilo,,,30/09/2026 15:37
86e8b767-e5c4-423b-bf1b-abccef436765,spaces.kim,available,12.99,23.49,high,low,6,namesilo,,,02/10/2026 20:47
b78b4756-d724-4fd9-8dac-57e36d6a28bc,roscoe.kim,available,18.2,18.2,medium,low,6,cloudflare,,,30/09/2026 11:51
781db333-0a54-48d4-bccc-9e4b7070b7de,pruitt.kim,available,18.2,18.2,medium,low,6,cloudflare,,,02/10/2026 00:43
94ae0f4b-aed9-43cc-9a1d-165d1acc69e2,rationalism.kim,available,18.2,18.2,high,low,11,cloudflare,,,30/09/2026 05:54
34611c57-67b1-4546-8b57-fd704ed67f88,solidified.kim,available,5.98,32.98,medium,low,10,namecheap,,,10/09/2026 13:41
75d4d2e2-4d91-4994-b07e-fc187f1ab265,attendee.kim,available,12.99,23.49,high,low,8,namesilo,,,21/09/2026 01:26
49fe6c7f-ccd9-49ec-b52f-8cbfc7c99df7,hassle.kim,available,12.99,23.49,high,low,6,namesilo,,,27/09/2026 16:35
a71931b2-0cbe-4e27-8214-6046960dfcb9,salzburg.kim,available,18.2,18.2,high,low,8,cloudflare,,,28/09/2026 03:02
ab809e3f-8066-46ba-92e7-670225fce145,stimulating.kim,available,8.24,19.05,medium,low,11,porkbun,,,28/09/2026 21:23
23aa315a-b5fc-43af-9c75-4c786608bd27,detachment.kim,available,12,,high,low,10,unstoppable,,,29/09/2026 12:04
049a46fb-02ea-4c3a-9f1d-1d02aba2bb48,blythe.kim,available,5.38,18.83,high,low,6,spaceship,,,29/09/2026 23:30
b7e18e92-ee83-4a82-a863-e32e020ae389,expectable.kim,available,5.98,32.98,medium,low,10,namecheap,,,17/08/2026 18:02
6c1ee958-ee53-4a23-a8e0-0ad069bac50e,rowley.kim,available,12.99,23.49,medium,low,6,namesilo,,,28/09/2026 12:08
04bbd133-f9ec-4d5a-8937-01753cea9a79,lachrymose.kim,available,5.98,32.98,medium,low,10,namecheap,,,14/08/2026 15:34
490bbdb3-a102-4499-8e37-9dc8a38451c0,fitchburg.kim,available,18.2,18.2,medium,low,9,cloudflare,,,30/09/2026 04:33
8c65f4d3-590e-45f2-8612-303464792c17,enter.kim,available,12,,high,low,5,unstoppable,,,29/09/2026 23:59
eb8a4b23-4e44-43ce-9426-b33b5c5865c7,aqaba.kim,available,12.99,23.49,medium,low,5,namesilo,,,17/09/2026 23:49
bab05205-a626-4f32-9f53-8af3e4b65e13,truelove.kim,available,5.98,32.98,medium,low,8,namecheap,,,10/09/2026 19:36
80e3386c-a6c0-4080-b010-6584aa977010,koreans.kim,available,12,,medium,low,7,unstoppable,,,29/09/2026 17:32
768a34c5-2e67-4b2b-bd53-5eabfb2b117a,autogyro.kim,available,12.99,23.49,medium,low,8,namesilo,,,21/09/2026 06:23
ff56a2ab-5c88-449c-946f-0412417b864a,schismatic.kim,available,5.98,32.98,medium,low,10,namecheap,,,09/09/2026 23:07
11498ced-e646-4c27-8d46-553bf301b62c,martinez.kim,available,12.99,23.49,high,low,8,namesilo,,,28/09/2026 12:21
2a333d06-f27d-4d6a-b499-f288cbc2da1f,mathematician.kim,premium,68.51,68.51,high,low,13,spaceship,,,30/09/2026 03:33
0156d1c6-d8ee-4862-93ed-97d01e359072,captured.kim,available,12.99,23.49,medium,low,8,namesilo,,,27/09/2026 02:07
bfc6cc5e-5b54-4df3-b92a-52d13b883db9,neuronic.kim,available,5.98,32.98,medium,low,8,namecheap,,,03/09/2026 16:21
a1b54089-64cc-4712-b6dc-604364dd9797,salmagundi.kim,available,5.98,32.98,medium,low,10,namecheap,,,25/08/2026 08:22
5589e5ac-fbea-44dc-a0a1-54e044bd4694,regency.kim,available,5.38,18.83,high,low,7,spaceship,,,02/10/2026 16:33
9bbf2e95-7a52-44dd-aa77-72f57e5dcff0,spreads.kim,available,12.99,23.49,medium,low,7,namesilo,,,29/09/2026 11:29
50b0fa41-38c3-42c2-98a2-fdf234606f41,ivanov.kim,available,5.38,18.83,medium,low,6,spaceship,,,29/09/2026 01:22
da4961bd-a861-45ce-a05f-de84d9e1160a,eviscerate.kim,available,5.98,32.98,medium,low,10,namecheap,,,17/08/2026 15:10
f3bfad69-2466-488a-bd5a-cb9e16f43a42,deemed.kim,available,12.99,23.49,high,low,6,namesilo,,,29/09/2026 23:04
73133f9a-45e3-4048-8115-6857e2daa5fd,rubin.kim,available,5.38,18.83,high,low,5,spaceship,,,02/10/2026 01:41
3a1bf1cd-3e7d-4e0a-91e9-430bd1e62bb0,paine.kim,available,5.38,18.83,medium,low,5,spaceship,,,29/09/2026 13:38
3950c02e-6b86-4fd8-ba7f-2c7985f0b45c,pushchair.kim,available,12.99,23.49,high,low,9,namesilo,,,21/09/2026 13:21
285d5815-0ae2-4de1-8916-16b203d45407,chairman.kim,available,12,,high,low,8,unstoppable,,,29/09/2026 07:55
f5aa1a5d-6e9c-4d86-9978-056015b2439b,cecal.kim,available,5.98,32.98,medium,low,5,namecheap,,,11/08/2026 12:54
1898131d-a8ff-4ac4-991e-094bef7606d0,restive.kim,available,5.98,32.98,medium,low,7,namecheap,,,15/08/2026 09:28
214f7e60-52af-41c3-927b-cdeb22290f9e,ergotic.kim,available,5.98,32.98,medium,low,7,namecheap,,,17/08/2026 12:13
f2f47db5-c9ca-4e8a-a505-6d27349c353d,cruz.kim,available,12.99,23.49,high,low,4,namesilo,,,25/09/2026 11:52
966e6a62-bd2c-4606-8616-1c4ec36f87cd,roommates.kim,available,12.99,23.49,medium,low,9,namesilo,,,21/09/2026 02:59
ed9850a0-f437-4f39-b354-7039b328a464,azygos.kim,available,5.98,32.98,medium,low,6,namecheap,,,08/08/2026 03:32
5b9088a3-58ff-446a-a7d7-0edd46ead57a,swears.kim,available,5.98,32.98,low,low,6,namecheap,,,02/10/2026 12:52
2d54527c-1b91-486d-a2ac-0ffb04b91211,courthouse.kim,available,5.38,18.83,medium,low,10,spaceship,,,28/09/2026 09:28
85e2f775-8ee0-488f-aa48-b8f87fe071ba,acerose.kim,available,5.98,32.98,medium,low,7,namecheap,,,
fe2e0488-9ceb-4450-9e48-a2e49697dc8a,goonie.kim,available,12.99,23.49,medium,low,6,namesilo,,,23/09/2026 23:45
7d6ee723-3dea-4045-b98a-f7ff4f325048,fledgeling.kim,available,5.98,32.98,medium,low,10,namecheap,,,18/08/2026 07:32
80e29146-74f0-4ee3-8b8b-79ee7ed3058a,animal.kim,available,5.98,32.98,high,low,6,namecheap,,,08/09/2026 11:39
a1cf85b0-7957-45d2-b815-b8242020b870,laboured.kim,available,5.98,32.98,medium,low,8,namecheap,,,22/08/2026 17:40
f7314d18-67a2-440e-af97-99a0f0abe26f,barracuda.kim,available,12.99,23.49,high,low,9,namesilo,,,22/09/2026 07:54
75eb36bf-555e-44cf-b599-ac4b6e93ebd5,cords.kim,available,5.98,32.98,medium,low,5,namecheap,,,24/09/2026 18:14
ea736728-7fe2-4db0-81f6-67bd52c73245,exalt.kim,available,5.98,32.98,high,low,5,namecheap,,,
6b24bc38-bbe7-45c1-b606-0f89dbb04a47,mascot.kim,available,9.99,35.99,high,low,6,godaddy,,,30/09/2026 02:14
32b09c0e-ced2-4ded-9bec-8116ada4eb11,however.kim,available,8.24,19.05,medium,low,7,porkbun,,,28/09/2026 11:49
260a9143-1c04-4a11-909f-e068dd27ae9d,spices.kim,available,8.24,19.11,medium,low,6,dynadot,,,28/09/2026 23:41
35df6514-6d86-4cff-a8e9-1028430e001f,computed.kim,available,5.38,18.83,medium,low,8,spaceship,,,02/10/2026 13:22
6baf30c1-ef3a-4860-9b3e-d12a2873c55b,discoveries.kim,available,5.38,18.83,low,low,11,spaceship,,,30/09/2026 06:23
b6e0e1fb-93a4-4d8a-9a66-445d47c3c8e9,clientele.kim,available,12.99,23.49,high,low,9,namesilo,,,24/09/2026 15:37
fdb77a3f-0703-460f-881b-42d81408616c,speaker.kim,available,12,,high,low,7,unstoppable,,,30/09/2026 03:31
daa791e2-2e58-40f5-a599-31164381ac2e,comforter.kim,available,12.99,23.49,medium,low,9,namesilo,,,18/09/2026 10:03
7a89c089-c58a-4b61-a223-60cd32bc3c6d,compromise.kim,available,5.98,32.98,high,low,10,namecheap,,,24/09/2026 16:54
8a7953f9-1a3a-4fef-b906-b41e2dfb14f2,advise.kim,available,5.98,32.98,high,low,6,namecheap,,,27/09/2026 03:36
7f39e7ed-9df9-4a68-87f1-eb8a143cea9b,gadget.kim,available,12.99,23.49,high,low,6,namesilo,,,19/09/2026 21:47
ac95984a-c04c-4315-b181-fd33b0abe2be,prosecutors.kim,premium,68.51,68.51,medium,low,11,spaceship,,,30/09/2026 00:33
3b629547-ef2f-4ee4-b12e-94f2bd148bcb,unaddicted.kim,available,5.98,32.98,medium,low,10,namecheap,,,11/09/2026 23:50
fb64edb0-8f66-49bf-a632-1e8ca69eda53,goliath.kim,available,12.99,23.49,high,low,7,namesilo,,,23/09/2026 03:22
837af7cd-008e-42ea-8e76-7e47f7f4c418,deduction.kim,available,12,,high,low,9,unstoppable,,,30/09/2026 09:21
83b7783d-2d5d-41b1-bbd3-17cb31842fe5,things.kim,available,12.99,23.49,high,low,6,namesilo,,,01/10/2026 13:56
0c9894d0-eecb-492e-ab9e-2cbba55da9a0,vase.kim,available,12.99,23.49,high,low,4,namesilo,,,28/09/2026 11:03
29c8e5a9-f776-4967-939e-1300ec8e5cc8,aimed.kim,available,5.38,18.83,high,low,5,spaceship,,,29/09/2026 10:43
9112f3f1-04f3-40ee-8384-90e2f85e6c1d,palladian.kim,available,5.98,32.98,medium,low,9,namecheap,,,04/09/2026 23:44
b3b8b033-dac2-4bc2-8f48-821d246024c4,villainous.kim,available,5.98,32.98,medium,low,10,namecheap,,,03/09/2026 14:59
a2311faf-5696-4641-a17c-7c8ff85da369,rescuing.kim,available,8.24,19.11,high,low,8,dynadot,,,30/09/2026 14:58
da75b426-aa22-4825-9c3d-4d563d8265d7,malicious.kim,available,5.98,32.98,medium,low,9,namecheap,,,24/08/2026 14:02
ae677f93-0a3e-4e25-8c14-a99099771772,neutralize.kim,available,5.38,18.83,high,low,10,spaceship,,,01/10/2026 04:11
d151a4e7-d81d-462c-bf84-5d231b585ca9,pharmacy.kim,available,12,,high,low,8,unstoppable,,,28/09/2026 21:46
240cbfca-ca74-4b46-a10c-d97c22b00391,hani.kim,available,12.99,23.49,high,low,4,namesilo,,,17/09/2026 23:54
6be2732e-94e2-419a-8e00-2a297d88c74a,drop.kim,available,12.99,23.49,high,medium,4,namesilo,,,24/09/2026 05:11
27230d32-bd58-41a2-b81c-3235245c580a,southgate.kim,available,12.99,23.49,medium,low,9,namesilo,,,01/10/2026 11:23
198fc548-14b2-49dd-aabf-00dbdeb8a5b9,uttered.kim,available,5.98,32.98,medium,low,7,namecheap,,,17/08/2026 18:44
40286bf3-65af-4987-a40d-b849115cc8d7,physiology.kim,available,5.38,18.83,high,low,10,spaceship,,,29/09/2026 19:59
c01d5cea-afd0-4c6c-a063-95d92ba1f184,exons.kim,available,5.38,18.83,medium,low,5,spaceship,,,02/10/2026 13:35
4b4d034d-507c-44bf-b832-529b3a2a6e24,chatty.kim,available,5.98,32.98,high,low,6,namecheap,,,12/08/2026 03:17
0b0d8247-d3e7-4837-a1d7-19570b45669b,yearling.kim,available,12.99,23.49,high,low,8,namesilo,,,22/09/2026 00:38
d40dbb23-7887-4a8f-bd15-5b138b6569f1,threepenny.kim,available,5.98,32.98,medium,low,10,namecheap,,,10/09/2026 09:08
31444131-0857-4374-ab6b-bbe2d81e5360,uniqueness.kim,available,12,,high,low,10,unstoppable,,,03/10/2026 02:06
8f834ae0-ef9b-4d6c-958b-af90cb63ad24,feeling.kim,available,12,,high,low,7,unstoppable,,,29/09/2026 19:08
37362e3e-e7af-4fe8-a200-b238c87b781c,adventure.kim,available,18.2,18.2,high,medium,9,cloudflare,,,28/09/2026 18:58
3a2c13b5-75da-46fd-80c5-4be58961d310,gran.kim,available,12,,high,low,4,unstoppable,,,29/09/2026 21:17
39db681d-ee5d-4f84-b8fc-78e59090e356,autologous.kim,available,5.98,32.98,medium,low,10,namecheap,,,07/08/2026 20:37
1de40bcc-8a06-4c98-8360-dd429ae350c5,sincere.kim,available,12.99,23.49,high,low,7,namesilo,,,24/09/2026 13:03
d412f79a-3be3-439c-8daa-ed56822b9a34,tecumseh.kim,available,12.99,23.49,medium,low,8,namesilo,,,29/09/2026 08:12
2ab035d9-9286-4fab-94f2-e0295ce8caf6,dilute.kim,available,5.98,32.98,high,low,6,namecheap,,,
329852c4-49e8-49e7-978c-f5567069e9ad,unintended.kim,available,5.98,32.98,medium,low,10,namecheap,,,12/09/2026 13:30
1afd103d-cc4b-4454-8996-b9bf34a5b30d,lashing.kim,available,5.98,32.98,medium,low,7,namecheap,,,22/08/2026 20:10
3276e5be-8851-47b1-be27-a623a88cfa08,tears.kim,available,5.98,32.98,high,low,5,namecheap,,,24/09/2026 02:29
68055ce7-d83c-44a4-b9d7-8464ba859640,rollercoaster.kim,available,14.99,,medium,low,14,name.com,,,
18646ab6-43c2-4bb7-990a-102ec3dbb894,theban.kim,available,5.98,32.98,medium,low,6,namecheap,,,11/09/2026 12:35
728ddf95-1b0f-4b25-9578-404d5f560964,bachelors.kim,available,18.2,18.2,medium,low,9,cloudflare,,,02/10/2026 13:27
71858a84-5644-468d-b23c-92aa6336efe4,candidates.kim,available,8.24,19.05,low,low,10,porkbun,,,28/09/2026 17:58
7582e735-74c8-42ba-9ca0-be59fb27fe18,inefficient.kim,available,12,,medium,low,11,unstoppable,,,01/10/2026 22:26
18c02b9e-1a52-48b0-bd8e-db33b802db16,syllabic.kim,available,5.98,32.98,high,low,8,namecheap,,,11/09/2026 05:58
7bdf14cd-d685-4b2d-834c-52befef9f933,somalian.kim,available,5.98,32.98,medium,low,8,namecheap,,,10/09/2026 13:56
27d54a2e-d614-43a3-b928-b30b110e7c0c,ripped.kim,available,12.99,23.49,high,low,6,namesilo,,,27/09/2026 17:41
44f41661-3f3c-4267-a57b-7fcc1831fb17,rotation.kim,available,5.38,18.83,high,low,8,spaceship,,,29/09/2026 21:53
73d2b824-8fd0-4b00-af0e-fe50bd5aa0ac,archaeology.kim,available,5.38,18.83,high,low,11,spaceship,,,29/09/2026 22:59
94a93444-ad12-44c5-a662-2459770af1e1,wilhelm.kim,available,5.98,32.98,high,low,7,namecheap,,,25/09/2026 18:53
7de3473d-b315-4a89-9ab3-2b7fe0af9cf2,based.kim,available,18.2,18.2,high,medium,5,cloudflare,,,02/10/2026 05:57
3311d3a9-cccd-4c8e-a3d1-e1b835af4ce1,coleoptera.kim,available,12.99,23.49,medium,low,10,namesilo,,,02/10/2026 04:24
c81515c8-0912-4f1d-8b7d-f04b8b7a1d27,arquebus.kim,available,5.98,32.98,medium,low,8,namecheap,,,20/09/2026 08:40
3b73b6b0-78f5-44db-b1dd-22f42f7dc1a5,ballinger.kim,available,5.38,18.83,high,low,9,spaceship,,,02/10/2026 08:10
f75c2c99-8e41-46dc-842e-361bab18fb02,noctuidae.kim,available,5.38,18.83,high,low,9,spaceship,,,30/09/2026 17:16
8db69b09-9880-4945-ae05-b40248f2e6af,asur.kim,available,12.99,23.49,medium,low,4,namesilo,,,20/09/2026 16:43
d1379b75-59db-48a2-b9d7-c87666478401,icbm.kim,available,12,,medium,low,4,unstoppable,,,30/09/2026 10:12
f05c878f-d53d-49c3-b4fb-0bbb4ca5310f,apneic.kim,available,5.98,32.98,medium,low,6,namecheap,,,06/08/2026 00:40
bca12442-4210-42fa-bd0e-790643d06c52,arrangements.kim,available,12.99,23.49,medium,low,12,namesilo,,,27/09/2026 10:40
d08b0390-7412-4f3c-b04f-284f309af45a,fulfillment.kim,available,5.38,18.83,high,low,11,spaceship,,,29/09/2026 23:14
228410d8-dd4b-4368-9e7f-c71e3646e848,clogged.kim,available,5.98,32.98,medium,low,7,namecheap,,,12/08/2026 06:41
15c627e5-0f93-40df-9710-56fedcc5a05d,encountered.kim,available,18.2,18.2,low,low,11,cloudflare,,,28/09/2026 23:17
58f79e0d-088d-4ec9-9e80-bec8c5000569,anew.kim,available,5.98,32.98,high,low,4,namecheap,,,13/09/2026 18:03
0fd33130-d595-4719-9d4e-de1ef08d688c,rudolf.kim,available,12.99,23.49,high,low,6,namesilo,,,25/09/2026 15:40
001119dc-b664-4b1f-a8ba-3468ab95f832,workaday.kim,available,5.98,32.98,medium,low,8,namecheap,,,17/08/2026 14:58
ad4b06db-9c6a-4375-ac60-98ee37d679c2,lose.kim,available,12,,medium,low,4,unstoppable,,,30/09/2026 04:42
943f7772-f391-40e1-90e3-036b97baf0e6,cnt.kim,available,5.38,18.83,high,low,3,spaceship,,,01/10/2026 23:15
fc8d9122-d72e-4281-927f-2d0978794131,allargando.kim,available,5.98,32.98,medium,low,10,namecheap,,,
f2cd2353-7011-48d9-9288-5b79e9d274c4,arnett.kim,available,12.99,23.49,medium,low,6,namesilo,,,01/10/2026 23:33
b62b3529-f9ce-4d1e-b70c-9199b34f8f4d,vexer.kim,available,5.98,32.98,medium,low,5,namecheap,,,19/09/2026 10:52
75f2acac-4e53-4088-a97f-fd563a48ff09,struggling.kim,available,5.98,32.98,medium,low,10,namecheap,,,10/09/2026 22:52
492cf8b6-32e9-416e-be8f-e176665ded01,grapes.kim,available,5.38,18.83,high,low,6,spaceship,,,28/09/2026 12:35
1458593d-3326-49c7-94f7-a3e178b1189b,parsimony.kim,available,5.98,32.98,medium,low,9,namecheap,,,08/09/2026 14:39
4cec5f47-afa9-49c7-918b-c3f49ad88532,suborbital.kim,available,5.98,32.98,medium,low,10,namecheap,,,11/09/2026 00:34
47497ed6-e495-4b44-80e5-395029375210,bauxite.kim,available,12.99,23.49,medium,low,7,namesilo,,,22/09/2026 16:42
cf4089c4-8419-449e-bf17-66211885c884,supplicant.kim,available,5.98,32.98,medium,low,10,namecheap,,,11/09/2026 03:28
38e4f892-9c18-48d9-b0ec-4e22d8bf0e0a,hoarfrost.kim,available,5.98,32.98,medium,low,9,namecheap,,,21/08/2026 10:07
c17be27c-5b8b-4c1d-a92e-62fc23b1633b,aspirator.kim,available,5.98,32.98,medium,low,9,namecheap,,,20/09/2026 15:23
f733ede9-58c1-4ad9-872c-34a30c817641,drawings.kim,available,18.2,18.2,low,low,8,cloudflare,,,28/09/2026 13:09
26cf57a6-a71f-4cc7-aa57-c5322b5898e8,assumption.kim,available,12.99,23.49,medium,low,10,namesilo,,,20/09/2026 16:39
24e8fdae-3d86-45c3-8c6e-bdd3db3965c8,chunk.kim,available,12.99,23.49,medium,low,5,namesilo,,,29/09/2026 06:21
63526a39-1717-46ef-928e-cc0f17cf4ed5,spelled.kim,available,12,,low,low,7,unstoppable,,,28/09/2026 16:58
5ed00359-84a1-46b8-a923-b015cafa53f9,princely.kim,available,5.98,32.98,high,low,8,namecheap,,,14/08/2026 01:00
4fbdfd0f-0ee6-44d2-b8a3-1c9c499c7af7,excessive.kim,available,5.98,32.98,medium,low,9,namecheap,,,17/08/2026 16:15
0b75ccf8-a802-4125-a851-9deea6d462fd,rightful.kim,available,12,,high,low,8,unstoppable,,,29/09/2026 16:05
4def329c-a3c2-4d8c-9eec-c9202659e046,valid.kim,available,5.98,32.98,high,low,5,namecheap,,,28/09/2026 10:05
24a11aa3-ff6e-46b0-953d-9e563bb23baf,carrel.kim,available,12.99,23.49,medium,low,6,namesilo,,,18/09/2026 06:05
7b812c93-94e7-4150-9c97-0e3a404fb030,acarus.kim,available,5.98,32.98,medium,low,6,namecheap,,,16/09/2026 21:38
cfe50564-e76c-4999-866a-3980dd769ebc,drunk.kim,available,5.98,32.98,high,low,5,namecheap,,,14/08/2026 20:17
560e1d6b-f107-48cc-bc5c-dd38550fb0cf,copy.kim,available,12,,high,low,4,unstoppable,,,29/09/2026 11:34
628bca82-b5bc-4140-bc38-08c6791afd1b,policemen.kim,premium,68.51,68.51,medium,low,9,spaceship,,,28/09/2026 18:03
4966ca65-b7c7-44bc-bb34-cf20503b5527,unary.kim,available,5.98,32.98,high,low,5,namecheap,,,12/09/2026 01:06
a30f5f16-f8ea-4d5a-8e71-b81b1dad920a,lyrate.kim,available,5.98,32.98,medium,low,6,namecheap,,,24/08/2026 12:39
bbadad8a-ae82-4702-beae-5ce0415d5aa5,whatever.kim,available,12.99,23.49,high,low,8,namesilo,,,22/09/2026 06:56
30fa15c2-402e-4722-a936-ae84f2a1bb3c,patio.kim,available,5.38,18.83,high,low,5,spaceship,,,29/09/2026 13:40
b652c7e3-fdda-467d-bd88-c5893c9e19d1,disarray.kim,available,12.99,23.49,medium,low,8,namesilo,,,24/09/2026 17:15
6fc3d158-ddf7-4c3a-8b08-c3ec46f0110e,sticker.kim,available,5.38,18.83,high,low,7,spaceship,,,30/09/2026 01:12
9bc1b802-659f-4757-98bc-d7e52e2fd8f9,convey.kim,available,5.38,18.83,high,low,6,spaceship,,,29/09/2026 06:20
038230f0-cf23-4087-b048-79472df3077a,crowell.kim,available,8.24,19.05,medium,low,7,porkbun,,,29/09/2026 09:14
2bbb7c73-93c4-4f4e-9c85-e6537146a431,sfc.kim,available,5.38,18.83,high,low,3,spaceship,,,30/09/2026 20:58
7da2a652-a752-4e34-9046-6c71988995b6,adlumia.kim,available,12.99,23.49,medium,low,7,namesilo,,,17/09/2026 08:37
2928ff33-6207-48a7-92be-53b634c2fdf0,bacteria.kim,available,5.98,32.98,high,low,8,namecheap,,,21/09/2026 16:28
35af234e-5c6a-4527-bee7-93150adfccbc,constancy.kim,available,12.99,23.49,high,low,9,namesilo,,,24/09/2026 17:32
9e963425-4fa3-4875-a7cf-ce7b6892cb68,champlain.kim,available,12,,medium,low,9,unstoppable,,,28/09/2026 01:38
a8d2aa12-1509-4e59-8275-917d591efb19,reschedule.kim,available,12.99,23.49,high,low,10,namesilo,,,03/10/2026 02:35
a16bf642-2798-4614-a467-cb1a8cb38edc,julien.kim,available,12.99,23.49,high,low,6,namesilo,,,28/09/2026 03:56
6e36c74b-0f00-426c-8efc-17b48c9aa6c0,training.kim,available,18.2,18.2,high,low,8,cloudflare,,,29/09/2026 06:10
850be000-d4c1-44ac-971b-6b2042f19266,avocet.kim,available,12.99,23.49,medium,low,6,namesilo,,,21/09/2026 09:44
4236a080-1f28-4a34-bce1-5052e302abb0,propulsion.kim,available,12.99,23.49,high,low,10,namesilo,,,17/09/2026 05:22
9d0d7311-b302-43b5-9a5c-3ec7ed6092f3,banner.kim,available,5.98,32.98,high,low,6,namecheap,,,08/08/2026 13:53
58f92ca3-884e-460b-9c68-da8ea9961f9e,onslow.kim,available,5.38,18.83,medium,low,6,spaceship,,,02/10/2026 01:05
a4ff07b1-c465-4251-a5d0-e14b6348b4d6,obscured.kim,available,8.24,19.05,medium,low,8,porkbun,,,02/10/2026 18:07
c8a8be00-51c8-419c-935e-7adb4f2e0dc8,deception.kim,available,12.99,23.49,high,low,9,namesilo,,,24/09/2026 17:22
895fe0a3-5aad-41cd-b3fc-3982a71e4ff3,scratched.kim,available,12.99,23.49,medium,low,9,namesilo,,,01/10/2026 18:37
cd952d19-cd13-42d5-a466-652f5130c689,whacked.kim,available,5.98,32.98,medium,low,7,namecheap,,,13/09/2026 11:08
457068c3-3a75-46f0-a5b7-3dc14588570f,bronzed.kim,available,5.98,32.98,medium,low,7,namecheap,,,11/08/2026 05:43
98d5dbe5-2eed-45ac-a61b-1f6b41985bee,miriam.kim,available,8.24,19.05,high,low,6,porkbun,,,28/09/2026 03:46
5370aa8d-88e4-463b-a551-9500a741f8bd,baja.kim,available,18.2,18.2,medium,low,4,cloudflare,,,29/09/2026 21:54
2999e273-1724-4191-ab55-1e51fbc3c110,franco.kim,available,12.99,23.49,high,low,6,namesilo,,,29/09/2026 06:44
8ee2e806-5921-4936-b6e1-3203ffcc3125,stung.kim,available,5.98,32.98,medium,low,5,namecheap,,,
517e53be-c709-4c10-8406-5ed7a881c7a8,slyness.kim,available,5.98,32.98,medium,low,7,namecheap,,,13/08/2026 10:43
0bf97d3e-5faa-4933-a455-a5802389d107,lusty.kim,available,5.98,32.98,high,low,5,namecheap,,,12/08/2026 20:20
f820b552-d0f8-43bf-88b5-e8e24fb7e6a4,flipping.kim,available,5.98,32.98,high,low,8,namecheap,,,17/09/2026 18:25
f4edbc29-7c70-41e2-9675-85619a71cefc,throttle.kim,available,12.99,23.49,high,low,8,namesilo,,,16/09/2026 21:47
78646b05-2013-4ab6-91b1-101fd90bc36a,stink.kim,available,5.38,18.83,high,low,5,spaceship,,,29/09/2026 19:15
5bcab435-110b-4b5e-bf88-d0fbd94b9b8a,harm.kim,available,5.98,32.98,high,low,4,namecheap,,,08/09/2026 07:44
e939c772-db81-47c1-aded-27b9b0c7c1be,thatcher.kim,available,12.99,23.49,medium,low,8,namesilo,,,22/09/2026 07:26
4e46d852-3697-4dee-aa3f-1e00b1ce3dad,proposed.kim,available,5.38,18.83,medium,low,8,spaceship,,,28/09/2026 04:49
4038e788-e5de-4fdf-9927-6c8770cec9aa,grp.kim,available,12.99,23.49,high,low,3,namesilo,,,03/10/2026 02:52
7d85381d-77de-4b61-ad26-b7ebac6c3863,badinage.kim,available,12.99,23.49,medium,low,8,namesilo,,,21/09/2026 17:13
58abc716-fa5f-4cad-b105-b73a8756d769,treatments.kim,available,5.38,18.83,medium,low,10,spaceship,,,29/09/2026 04:46
ba319cc3-1343-45cd-b948-13496ae3e3eb,could.kim,available,12,,high,low,5,unstoppable,,,30/09/2026 23:37
7d13170a-3233-4d8f-aa78-5b216b1d947a,hang.kim,available,5.98,32.98,high,low,4,namecheap,,,28/09/2026 19:01
bb27face-b45a-4e47-a706-8ebd6cff9488,collarless.kim,available,5.98,32.98,medium,low,10,namecheap,,,12/08/2026 16:40
b40670d6-fdbb-4e3a-ad88-f9671fca3b66,dogmatism.kim,available,12.99,23.49,medium,low,9,namesilo,,,23/09/2026 15:23
ed24358c-c1ba-4626-9c7e-5a8436492e11,hilar.kim,available,5.98,32.98,medium,low,5,namecheap,,,21/08/2026 09:19
56b0bbd5-8826-4500-8e94-969513160c4b,persisting.kim,available,5.98,32.98,high,low,10,namecheap,,,14/08/2026 15:05
b335694f-c8c6-4c34-96a5-978fb905366f,aunts.kim,available,12.99,23.49,high,low,5,namesilo,,,18/09/2026 15:51
b2ee6eb0-5d86-4f1a-8cc9-8b9687a788a0,introducing.kim,available,5.98,32.98,medium,low,11,namecheap,,,17/09/2026 20:59
5170fca3-058f-444f-8d81-45cdf7a78992,endings.kim,available,12.99,23.49,medium,low,7,namesilo,,,29/09/2026 17:30
a197d434-c823-4e45-884f-12d74380614a,originality.kim,available,12.99,23.49,high,low,11,namesilo,,,30/09/2026 14:27
d5b69792-91ea-4929-87cb-1f0cbb151efa,muddy.kim,available,5.98,32.98,high,low,5,namecheap,,,10/08/2026 17:08
273d951c-36f7-4d13-86a3-e2b7bb1cb7a3,bonney.kim,available,12.99,23.49,medium,low,6,namesilo,,,23/09/2026 16:28
846ce4dd-cf18-4e98-a4fb-0be7fda062fe,wiggly.kim,available,5.98,32.98,medium,low,6,namecheap,,,10/09/2026 08:40
dd0c8d07-c7ec-485c-853b-27b41c826628,educate.kim,available,12.99,23.49,high,low,7,namesilo,,,02/10/2026 02:27
3234bb78-a112-422d-baf9-8e955c644f3e,unwed.kim,available,5.98,32.98,medium,low,5,namecheap,,,12/09/2026 22:35
2eec9dce-0f57-4931-b07f-a01a5810052e,calais.kim,available,5.38,18.83,high,low,6,spaceship,,,02/10/2026 23:47
2621bf09-70b3-4b77-86f4-0acc44fd1c0b,schoolmaster.kim,available,18.2,18.2,high,low,12,cloudflare,,,02/10/2026 07:19
a5ed7ae9-d546-4acb-98ac-3c625f1145a3,laugh.kim,available,12,,high,low,5,unstoppable,,,29/09/2026 20:26
3cadf68f-581d-4c13-b864-96202430c655,contracted.kim,available,5.98,32.98,medium,low,10,namecheap,,,23/09/2026 22:26
ee663cc5-72c4-449d-a0f9-0e8ea2265869,magenta.kim,available,5.98,32.98,high,low,7,namecheap,,,24/08/2026 12:57
fa3cc4d9-52b6-4f9a-89e3-6bacca3745b0,prostitute.kim,available,14.99,27.99,high,low,10,name.com,,,13/08/2026 14:11
04260569-7d02-4d97-a39d-b3528dcc5dfc,tamable.kim,available,5.98,32.98,medium,low,7,namecheap,,,11/09/2026 07:36
c95e1b7f-df22-4bd0-8340-f79289149010,experience.kim,available,12.99,23.49,high,medium,10,namesilo,,,29/09/2026 18:39
1c0d7b4c-2dc7-49ec-ad9c-297897b11efa,subscribe.kim,available,5.38,18.83,high,low,9,spaceship,,,27/09/2026 22:05
02a66d79-c1ed-48f6-af8a-769b136df158,brigadier.kim,available,12.99,23.49,high,low,9,namesilo,,,02/10/2026 23:42
77d70d04-a246-46d5-8100-0515233534d5,spaceship.kim,available,12.99,23.49,high,medium,9,namesilo,,,29/09/2026 08:05
4d51de97-fc20-4bdb-b0c4-5c488a014619,brilliantly.kim,available,5.98,32.98,high,low,11,namecheap,,,29/09/2026 21:24
230af95a-2878-48c1-9812-6667dfea8343,recreational.kim,available,12.99,23.49,high,low,12,namesilo,,,29/09/2026 10:15
044d85e6-cb23-409d-948e-9bff4baa80bd,rollicking.kim,available,5.98,32.98,medium,low,10,namecheap,,,12/08/2026 18:08
e7ad39ba-c7db-4d14-82ee-093ced4900c7,mercurial.kim,available,5.98,32.98,high,low,9,namecheap,,,17/08/2026 12:50
689a3580-3232-45b4-b7d3-21fda58f40e1,bunker.kim,available,12.99,23.49,high,low,6,namesilo,,,28/09/2026 05:21
5b3b2998-479d-4e60-a9e9-272dd8d643d6,chaos.kim,available,5.98,32.98,high,medium,5,namecheap,,,22/09/2026 23:21
482ee150-62b3-4e58-a069-3bf33bf5d218,plenty.kim,available,5.98,32.98,high,low,6,namecheap,,,17/08/2026 09:49
3b4aa049-86d0-461e-aadb-c93fb0d42a79,paton.kim,available,12.99,23.49,medium,low,5,namesilo,,,18/09/2026 01:46
9f66ba9d-dbc9-4b1e-a7da-4d656e89fe71,interpreter.kim,premium,66.5,,high,low,11,unstoppable,,,29/09/2026 08:27
0b7f827b-fe1a-480a-b464-49bb4f25cd4b,jose.kim,available,18.2,18.2,high,low,4,cloudflare,,,28/09/2026 11:51
5f1f3e74-12b4-4f26-a038-3f28ec6c8dcd,mesolithic.kim,available,5.98,32.98,medium,low,10,namecheap,,,24/08/2026 21:17
c2f00638-35bf-4306-9209-28d57818d17f,cra.kim,available,18.2,18.2,high,low,3,cloudflare,,,30/09/2026 12:45
ca891234-3595-4561-beba-f8a5a7bc54d7,unsinkable.kim,available,5.98,32.98,medium,low,10,namecheap,,,12/09/2026 19:58
86c5bfc0-8244-47eb-b5ae-19344f04f33a,curiously.kim,available,12,,medium,low,9,unstoppable,,,28/09/2026 14:28
f3ced124-0378-4ca8-94ae-f308ff1f93bd,represented.kim,available,12.99,23.49,high,low,11,namesilo,,,03/10/2026 01:48
01bfed97-fb86-4f43-90fc-aee744c68ef1,resisting.kim,available,8.24,19.11,medium,low,9,dynadot,,,28/09/2026 21:16
6fc94cd0-9cab-44c3-bd50-db4cf921de8d,jenks.kim,available,12.99,23.49,medium,low,5,namesilo,,,30/09/2026 13:40
50289397-256b-42e7-8645-edb1c701917c,amphibious.kim,available,5.98,32.98,medium,low,10,namecheap,,,
91a51b91-ca84-4d4f-be4e-de634ea2bec9,rolle.kim,available,12,,medium,low,5,unstoppable,,,02/10/2026 07:36
c6fc9a8e-1334-48be-9621-56a4121f25b9,intune.kim,available,14.99,27.99,high,low,7,name.com,,,17/09/2026 12:54
6deadc6f-aef4-4242-abb2-04b454923e2e,artfully.kim,available,5.98,32.98,medium,low,8,namecheap,,,13/09/2026 20:53
010c035d-a6e8-4262-937a-fd521e59e985,recife.kim,available,8.24,19.11,high,low,6,dynadot,,,01/10/2026 21:15
1b692c7f-9a09-4f30-97b2-76e5ea5b82c9,borderline.kim,available,5.98,32.98,high,low,10,namecheap,,,23/09/2026 00:01
13f191d4-f5f1-4327-bd44-758a72305bb8,uppity.kim,available,5.98,32.98,medium,low,6,namecheap,,,12/09/2026 23:17
9570966d-03b8-4baa-8870-b66aed5d3289,interviewing.kim,premium,36.32,72.57,medium,low,12,porkbun,,,29/09/2026 11:14
b2326a02-054a-46e9-9a4a-e9f1b1ce0d10,tuppeny.kim,available,5.98,32.98,medium,low,7,namecheap,,,10/09/2026 09:12
dd78244a-0729-4046-955b-5ec57557b525,michal.kim,available,12.99,23.49,high,low,6,namesilo,,,30/09/2026 12:53
71a780c2-4763-43d0-afe9-3f1cfefda53a,avenged.kim,available,5.98,32.98,high,low,7,namecheap,,,07/08/2026 22:35
66e71059-c6e3-46a7-8c58-344289e9112f,pendant.kim,available,5.98,32.98,high,low,7,namecheap,,,08/09/2026 14:12
91e0df53-fcf2-4c1c-8502-149372eb8592,shot.kim,available,12.99,23.49,high,low,4,namesilo,,,23/09/2026 13:53
b0076f8a-cac3-4ad0-8e17-0ed0f2c65c07,admitting.kim,available,12,,medium,low,9,unstoppable,,,28/09/2026 20:58
cb4f67ab-edd9-4497-b00a-38031b7cf85a,tipperary.kim,available,12.99,23.49,high,low,9,namesilo,,,29/09/2026 09:36
3c6fb20e-fc79-40a3-afb8-b62c717aa053,forwards.kim,available,5.98,32.98,high,low,8,namecheap,,,18/08/2026 12:49
bf96ba8e-eb92-4658-b733-b87815b25cdf,tacitus.kim,available,18.2,18.2,high,low,7,cloudflare,,,29/09/2026 07:01
e6c34791-b664-459b-af74-acca08baf756,grew.kim,available,5.38,18.83,high,low,4,spaceship,,,30/09/2026 22:49
c8c6282c-fd0a-4ebe-9551-819e25401b0e,brimless.kim,available,5.98,32.98,medium,low,8,namecheap,,,11/08/2026 04:13
565bb74b-30f5-4e3e-9cc2-f19ef9337d15,recognized.kim,available,5.98,32.98,high,low,10,namecheap,,,21/09/2026 15:28
94d9f871-abc1-4f81-836c-e9b76f5ead2f,violinist.kim,available,12,,high,low,9,unstoppable,,,01/10/2026 02:03
1c810c22-7e28-4f06-87e3-606cc68a13bd,meditation.kim,available,5.98,32.98,high,low,10,namecheap,,,29/09/2026 07:35
3b9c7d7e-2828-43e3-a62e-3fb08eaa9605,alcazar.kim,available,12.99,23.49,medium,low,7,namesilo,,,18/09/2026 03:51
f8e7ac1b-1b23-46ec-bf01-27ef982fbc2f,riffle.kim,available,5.98,32.98,medium,low,6,namecheap,,,12/09/2026 08:36
7dfe927e-0ddd-4bca-8813-1a948d5961ea,legume.kim,available,18.2,18.2,high,low,6,cloudflare,,,03/10/2026 01:28
624d31df-99c8-4306-920b-072acc75bc2e,oviedo.kim,available,8.24,19.11,medium,low,6,dynadot,,,30/09/2026 10:41
0f5d202b-d332-4d87-9b47-afe6be9c1dac,bassist.kim,available,12.99,23.49,medium,low,7,namesilo,,,22/09/2026 12:26
5b572fc3-53a6-4337-b893-85e13050416f,socratic.kim,available,5.98,32.98,high,low,8,namecheap,,,10/09/2026 13:20
b271ae4f-ba41-4a4d-a0a1-95403365824b,palmatifid.kim,available,5.98,32.98,medium,low,10,namecheap,,,05/09/2026 00:03
aa3dab68-30fc-45a1-9d0c-48a8a3fcafed,sparkle.kim,available,18.2,18.2,high,low,7,cloudflare,,,01/10/2026 01:34
6414ba33-47bd-46bc-8f96-79f21c3823de,irish.kim,available,5.98,32.98,high,low,5,namecheap,,,22/08/2026 09:54
91d8b115-6be8-494a-bd32-52a2f26f1c32,trees.kim,available,14.99,,high,low,5,name.com,,,
6b826e9a-983c-4100-8152-13b4cbcc4a1f,superpower.kim,available,8.24,19.05,high,low,10,porkbun,,,03/10/2026 01:02
99006371-35a7-4273-ad44-366e571b64d6,cursorial.kim,available,5.98,32.98,medium,low,9,namecheap,,,13/08/2026 11:40
1488182c-f498-4afd-afb7-2e92f969f7b2,auricular.kim,available,5.98,32.98,medium,low,9,namecheap,,,07/08/2026 17:46
14e1a013-638a-46c0-b0a4-86f046133e82,hazard.kim,available,12,,medium,low,6,unstoppable,,,28/09/2026 18:59
ec4153ea-bc12-4c63-b001-a68b283ecd95,rashi.kim,available,12.99,23.49,medium,low,5,namesilo,,,03/10/2026 04:11
24774aac-3f2a-4872-9053-1ad4135265f2,glamorgan.kim,available,5.38,18.83,medium,low,9,spaceship,,,29/09/2026 21:59
c1943fe3-a7f0-4384-b77c-4adaa5092eea,disadvantage.kim,available,18.2,18.2,high,low,12,cloudflare,,,01/10/2026 08:43
1a2ebe61-4a3f-4811-b7f6-7c4bbd21390d,authorship.kim,available,12.99,23.49,high,low,10,namesilo,,,21/09/2026 05:26
58dbc2cc-a529-4e3e-a51a-7fe33e88b989,evoked.kim,available,5.98,32.98,medium,low,6,namecheap,,,16/08/2026 04:33
9e13a114-5ff6-4d44-a3ae-6ada954f826c,duck.kim,available,8.24,19.05,high,low,4,porkbun,,,29/09/2026 17:03
db749224-1790-41b2-be08-ea83e7064711,insufficient.kim,available,12.99,23.49,medium,low,12,namesilo,,,01/10/2026 04:49
e7ccf479-a17d-4a0c-934c-d2e6719c4c54,unwell.kim,available,5.98,32.98,medium,low,6,namecheap,,,
5bde58b6-221d-423f-81bb-8b0cb97e382a,elevation.kim,available,5.98,32.98,high,low,9,namecheap,,,24/08/2026 20:49
5b6c8054-13b3-4850-8068-f5cc86428c2f,earnestly.kim,available,5.98,32.98,medium,low,9,namecheap,,,14/09/2026 14:58
7930a9f7-6f3b-4a61-bac1-bf29b813119a,jiffy.kim,available,5.98,32.98,high,low,5,namecheap,,,22/08/2026 07:30
bd1b47bc-f0a3-4258-86b1-7ee0ba6f4178,shove.kim,available,8.24,19.11,high,low,5,dynadot,,,30/09/2026 11:14
b8fcf378-4032-4f1b-af8f-0ae71b2ccefd,highland.kim,available,5.98,32.98,high,low,8,namecheap,,,21/08/2026 09:16
d2cdba5a-c6b7-48b6-b193-9184ff8e7897,enjoyed.kim,available,12.99,23.49,medium,low,7,namesilo,,,25/09/2026 20:42
04016c55-6552-4421-bf23-653f2d98cafc,malpractice.kim,available,12.99,23.49,medium,low,11,namesilo,,,01/10/2026 15:32
4f3f5849-1d7c-4ef2-81c8-d0ce3b4e7a62,conduction.kim,available,12.99,23.49,high,low,10,namesilo,,,29/09/2026 10:47
ad8468bf-9a52-4de1-8608-de4cf07987bf,bantam.kim,available,5.98,32.98,medium,low,6,namecheap,,,08/08/2026 14:01
e1596f0e-f5e0-4543-a17b-47f2547525d8,hook.kim,available,8.24,19.11,high,low,4,dynadot,,,28/09/2026 18:24
02db6c32-0369-44b7-b630-003f2897a41a,notice.kim,available,12.99,23.49,high,low,6,namesilo,,,24/09/2026 16:29
88547793-1609-4273-8cb8-2fe348184f21,destitute.kim,available,5.98,32.98,medium,low,9,namecheap,,,14/08/2026 04:32
fce37a9c-000f-4a1d-a668-34629be33e89,confiscated.kim,available,12.99,23.49,low,low,11,namesilo,,,29/09/2026 11:03
b88cb9a1-1b17-4ce7-81e2-16b70282ed66,stoned.kim,available,5.98,32.98,medium,low,6,namecheap,,,10/09/2026 21:10
433e528b-614f-4066-9ff8-53060641a0d1,pediatrist.kim,available,12.99,23.49,medium,low,10,namesilo,,,21/09/2026 13:27
5bcc294e-8e44-4478-b061-17d52226fc2f,agree.kim,available,12,,high,low,5,unstoppable,,,28/09/2026 17:26
302b94f8-e02e-4b24-83c7-78a8d741e214,scruples.kim,available,5.98,32.98,high,low,8,namecheap,,,24/09/2026 17:26
7a5843a6-9ded-43e4-bc93-b4fb0cb7adbf,pronounced.kim,available,12.99,23.49,high,low,10,namesilo,,,25/09/2026 16:53
2bc9775d-e837-4618-aa83-0eada22c2b43,baulk.kim,available,5.98,32.98,medium,low,5,namecheap,,,14/08/2026 04:57
62c8cd21-dad9-4bb9-893b-5a317829d7c0,parentage.kim,available,5.98,32.98,high,low,9,namecheap,,,08/09/2026 13:25
f48e1d94-0e06-49e7-8c65-ee666d9973ad,recollect.kim,available,12.99,23.49,high,low,9,namesilo,,,02/10/2026 16:32
0b5167df-b7d9-488c-9f01-aa88f8eb218d,finite.kim,available,5.98,32.98,high,low,6,namecheap,,,18/08/2026 05:02
bfb71781-a645-4c0d-82f0-b89907935a30,taranto.kim,available,12,,medium,low,7,unstoppable,,,02/10/2026 19:15
2ec0c0f1-9157-42ae-9f47-0b1d721d86e0,primadonna.kim,available,14.99,,medium,low,11,name.com,,,
3fd16e54-0864-40d0-bac1-211e4b6ec506,mccormick.kim,available,5.98,32.98,high,low,9,namecheap,,,25/09/2026 04:30
ad48d6d8-a30f-426a-a2e9-7b54e0b2948b,nonlinear.kim,available,5.98,32.98,medium,low,9,namecheap,,,03/09/2026 19:44
ee71e03a-d9f7-4f20-97b4-347cb6fcac33,meditative.kim,available,5.98,32.98,high,low,10,namecheap,,,11/08/2026 05:56
dd6b590f-1d3d-4e6a-835c-fc01a193b3c0,sequester.kim,available,5.98,32.98,medium,low,9,namecheap,,,12/08/2026 21:06
8373d85b-3856-4b32-8fa2-4ed2b641d903,psl.kim,available,12.99,23.49,high,low,3,namesilo,,,02/10/2026 07:57
85141120-21cc-4ca4-966c-1c767c92069e,syrian.kim,available,5.98,32.98,high,low,6,namecheap,,,11/09/2026 06:43
fc79fa59-07c5-4b05-a2ea-76e516f3598a,grace.kim,premium,650,650,high,medium,5,namecheap,,,24/09/2026 21:11
db921c2e-e6d9-4ae0-8ea2-9ead493da7a5,duct.kim,available,12.99,23.49,high,low,4,namesilo,,,25/09/2026 00:18
118af1fa-1c45-403a-9270-0940c1312573,directional.kim,available,18.2,18.2,high,low,11,cloudflare,,,30/09/2026 11:53
1ec6fce6-4218-4f0a-8918-05269f1ed33b,aiken.kim,available,5.98,32.98,high,low,5,namecheap,,,17/09/2026 21:01
7529b8fa-f8b4-4c04-a1d9-a9b0511c84c9,unadjusted.kim,available,5.98,32.98,medium,low,10,namecheap,,,11/09/2026 23:52
0b3ff957-6521-44bb-ad9e-9a025d4f44b7,bettong.kim,available,12.99,23.49,medium,low,7,namesilo,,,23/09/2026 11:46
77140edd-0e41-4435-89b4-a52567bf2830,reconnect.kim,available,5.38,18.83,high,low,9,spaceship,,,02/10/2026 07:36
63249300-9a4e-4496-a08c-adc756d407d1,northwood.kim,available,8.24,19.05,medium,low,9,porkbun,,,02/10/2026 01:04
02e89c40-7c89-44bc-abb1-0902ad5b8f25,snidely.kim,available,5.98,32.98,low,low,7,namecheap,,,16/09/2026 03:18
464198b7-d482-43c8-b269-256b22cdd3c9,twopenny.kim,available,5.98,32.98,medium,low,8,namecheap,,,10/09/2026 09:10
b08be884-e05a-46de-90d6-7cbeac229ce4,broadwise.kim,available,5.98,32.98,medium,low,9,namecheap,,,14/09/2026 01:26
8815bbfc-da93-4967-8d97-465cd57e70cf,hoping.kim,available,12.99,23.49,high,low,6,namesilo,,,25/09/2026 11:50
9dfb44be-67d0-41cf-9186-3992eaab64f9,recorded.kim,available,12.99,23.49,high,low,8,namesilo,,,27/09/2026 10:58
66cdb19e-7fae-47f3-9e40-f58124d164df,terminals.kim,available,12.99,23.49,medium,low,10,namesilo,,,02/10/2026 03:04
f3388078-386e-48a4-833d-229c6886eb67,rejects.kim,available,5.38,18.83,low,low,7,spaceship,,,29/09/2026 17:37
55e5cad8-733f-4ef8-bbb7-03590a071d8c,nonu.kim,available,5.98,32.98,medium,low,5,namecheap,,,03/09/2026 18:37
3ea085dc-65da-4ffc-8cbf-ed967d13d4dd,beira.kim,available,12.99,23.49,medium,low,5,namesilo,,,23/09/2026 04:20
e14cd45f-6605-4202-8d9f-41a74a7bf1e5,aires.kim,available,12.99,23.49,medium,low,5,namesilo,,,25/09/2026 21:54
f33b550e-3306-4389-adb9-ba95e6150175,alkene.kim,available,12.99,23.49,medium,low,6,namesilo,,,18/09/2026 08:28
8454fe61-b277-4ee1-a87b-148e8f887f83,senatorial.kim,available,5.98,32.98,medium,low,10,namecheap,,,10/09/2026 03:38
02992008-9d62-4e71-ac49-a3ce26e8b017,littler.kim,available,5.98,32.98,medium,low,7,namecheap,,,24/08/2026 07:33
bb1b0753-f792-49db-b63a-8445990b0954,caused.kim,available,5.98,32.98,medium,low,6,namecheap,,,25/09/2026 18:57
511383bf-085b-4508-92fd-ad3d09117046,meld.kim,available,12.99,23.49,high,low,4,namesilo,,,22/09/2026 11:20
cd23934f-289b-4d8b-878c-973b4584171c,intensify.kim,available,5.98,32.98,high,low,9,namecheap,,,12/08/2026 19:29
853936a1-9e80-45dd-a0b0-b17758f6edff,upstate.kim,available,12.99,23.49,high,low,7,namesilo,,,16/09/2026 10:25
77c24a15-6dfe-4a8b-bc4f-16849c978d47,arranger.kim,available,12.99,23.49,medium,low,8,namesilo,,,17/09/2026 06:29
13c12307-89e0-49cb-8542-d1cc88b60f31,lucullan.kim,available,5.98,32.98,medium,low,8,namecheap,,,24/08/2026 11:00
d3322e33-c4c5-462a-8863-bd2a9c94aa58,emotionally.kim,available,18.2,18.2,high,low,11,cloudflare,,,27/09/2026 17:53
d6f0b9cb-db8c-432d-bbe7-1cffe40a48f3,bundy.kim,available,12.99,23.49,medium,low,5,namesilo,,,28/09/2026 11:45
75c7c4d7-a1df-456a-bbb0-7460ddf0485d,surgically.kim,available,12.99,23.49,medium,low,10,namesilo,,,16/09/2026 07:41
6a745dfd-cd47-49ad-8008-5de534b031e1,philosophie.kim,available,18.2,18.2,high,low,11,cloudflare,,,02/10/2026 23:22
f28570de-9e56-434b-9dba-63d79b38f738,decelerate.kim,available,5.98,32.98,medium,low,10,namecheap,,,10/09/2026 11:21
1cf1641a-e1ec-489f-a9ac-8de227df6446,clinton.kim,available,5.98,32.98,high,low,7,namecheap,,,23/09/2026 15:58
2fd42658-55a6-4807-8dec-d50be6efd4f5,ironical.kim,available,5.98,32.98,medium,low,8,namecheap,,,22/08/2026 10:06
cc64ea8d-bee6-4c7f-9230-7face002bc1c,sammy.kim,available,12.99,23.49,high,low,5,namesilo,,,26/09/2026 03:25
f24b84b9-d640-425c-be1b-0ae4cb5be0aa,ludwig.kim,available,12.99,23.49,medium,low,6,namesilo,,,29/09/2026 05:16
baeead60-7326-48f3-8183-f8a5961fcbd9,horrified.kim,available,5.98,32.98,medium,low,9,namecheap,,,21/08/2026 14:14
66c5b2ce-6cfa-442b-b846-e38bf19db833,abwatt.kim,available,12.99,23.49,medium,low,6,namesilo,,,16/09/2026 19:39
65eb8a25-8061-4c7c-b41d-c9944d2dbacb,dutiful.kim,available,5.98,32.98,high,low,7,namecheap,,,14/08/2026 21:39
a4b594cc-f441-4eec-942d-53384906a9b1,amiable.kim,available,5.98,32.98,high,low,7,namecheap,,,21/09/2026 21:32
fa65a91f-0c46-4f0a-b457-c9fbe4ce257e,beginner.kim,available,12.99,23.49,high,low,8,namesilo,,,23/09/2026 02:23
0dd0eba2-97a7-4645-86ae-eb1695cbc55c,banality.kim,available,5.98,32.98,medium,low,8,namecheap,,,12/08/2026 19:14
836f6bce-06fe-41d5-b005-408aaf6240b0,financing.kim,available,12.99,23.49,high,low,9,namesilo,,,29/09/2026 12:21
e124f001-9b2d-4258-b12e-78976c1c9e0d,abetment.kim,available,12.99,23.49,medium,low,8,namesilo,,,16/09/2026 15:17
5fcace6f-4974-477e-ab03-04b6e6f11162,kurdish.kim,available,5.98,32.98,high,low,7,namecheap,,,22/08/2026 17:04
d9a8012e-ef56-4e42-af64-31f780179227,cults.kim,available,5.98,32.98,medium,low,5,namecheap,,,03/10/2026 04:21
e83f86c3-b442-46e1-a045-95d8862dfe0d,sleeve.kim,available,12.99,23.49,high,low,6,namesilo,,,27/09/2026 15:53
494bc8ed-6aad-4dca-b381-414ad8669186,severance.kim,available,12,,medium,low,9,unstoppable,,,02/10/2026 04:48
5729a27b-4339-4649-aae1-54d318060fa0,unique.kim,available,12.99,23.49,high,medium,6,namesilo,,,28/09/2026 09:43
efc544da-8e80-4938-bfe7-c04c0abcc382,optical.kim,available,5.98,32.98,high,low,7,namecheap,,,04/09/2026 00:42
490d7575-b368-4a18-aa62-a7f4c9e5f733,defective.kim,available,5.98,32.98,medium,low,9,namecheap,,,13/08/2026 23:06
a4a699fc-753b-49dd-8557-9b66e8ed5634,synthesizer.kim,available,8.24,19.05,high,low,11,porkbun,,,01/10/2026 04:34
7772818f-be07-4af4-8c97-65e25337b864,unforced.kim,available,5.98,32.98,high,low,8,namecheap,,,12/09/2026 05:40
d53dfe0c-595e-4348-83d0-06b6cba4bf58,unearthed.kim,available,12,,high,low,9,unstoppable,,,01/10/2026 18:37
6f75c3d0-55d5-4c40-9707-22642062ae8b,primaries.kim,available,12,,medium,low,9,unstoppable,,,02/10/2026 12:50
cb895971-05c8-4465-9192-4cc7de57ad7e,fourthly.kim,available,5.98,32.98,medium,low,8,namecheap,,,18/08/2026 13:50
edabd7c7-2e37-4dc1-bf13-93dc076abab2,moated.kim,available,5.98,32.98,medium,low,6,namecheap,,,25/08/2026 02:14
9c0fd068-7f2d-4203-808d-cdcb47efdd74,armand.kim,available,5.38,18.83,high,low,6,spaceship,,,28/09/2026 07:26
43b33b59-6955-4fd7-9243-ee9dc9fca4fc,tauten.kim,available,5.98,32.98,medium,low,6,namecheap,,,18/08/2026 05:16
9a93c4c1-8e23-4b06-bd01-ce8a4c24ad61,adrien.kim,available,5.38,18.83,high,low,6,spaceship,,,02/10/2026 03:15
cfdfd680-9295-4655-8e94-10ba13c4fa30,danceable.kim,available,14.99,27.99,medium,low,9,name.com,,,13/08/2026 16:59
7d6767d9-18c3-4655-a390-2d700871d1bd,crisply.kim,available,5.98,32.98,medium,low,7,namecheap,,,14/09/2026 09:37
52f99567-4c39-4da4-a848-3a89993cc4db,trench.kim,available,18.2,18.2,medium,low,6,cloudflare,,,28/09/2026 20:01
56e9602c-f9e2-4c20-8e39-63a7187c7c7f,statutes.kim,available,18.2,18.2,medium,low,8,cloudflare,,,30/09/2026 23:10
fe52803b-4db3-4364-95f9-1ddea5b412f2,systematic.kim,available,5.98,32.98,high,low,10,namecheap,,,11/09/2026 06:44
3c02c51b-4989-485b-9c05-07748cfb20d8,omen.kim,available,12.99,23.49,high,low,4,namesilo,,,27/09/2026 07:13
29883fc5-c56d-4578-9538-84bde199c839,bedpost.kim,available,12.99,23.49,high,low,7,namesilo,,,22/09/2026 23:29
3eea73d9-705b-47cc-9295-7373af4e35cc,naively.kim,available,5.98,32.98,medium,low,7,namecheap,,,15/09/2026 16:00
32ab16f9-bfb9-4435-bb1a-7be834661139,freshwater.kim,available,8.24,19.05,high,low,10,porkbun,,,30/09/2026 17:24
28ea3390-fb02-4ef1-b324-9da5fa55500f,admittance.kim,available,12.99,23.49,high,low,10,namesilo,,,16/09/2026 22:13
99a3c9b6-4061-4ae2-9fef-a8ac59e5cf38,treated.kim,available,5.98,32.98,high,low,7,namecheap,,,11/09/2026 10:52
1cca50c6-9451-44d1-b966-a7be0979b1f4,styria.kim,available,12,,medium,low,6,unstoppable,,,30/09/2026 21:45
e57ff6e0-8db9-4890-b320-146a89973fec,maximize.kim,available,18.2,18.2,high,low,8,cloudflare,,,29/09/2026 20:44
dbda26b4-e698-45dd-8894-59f3da141016,fares.kim,available,12,,medium,low,5,unstoppable,,,01/10/2026 16:50
2e978dd0-74ee-47e7-b28e-8a690fb379ad,elaborate.kim,available,12.99,23.49,high,low,9,namesilo,,,24/09/2026 07:12
0648333e-7102-43a8-82ae-645d3351256d,nymph.kim,available,8.24,19.11,high,low,5,dynadot,,,02/10/2026 05:21
844db4e6-cac4-4331-a584-8fa649a2f97a,webb.kim,available,12.99,23.49,high,low,4,namesilo,,,22/09/2026 21:50
3d1c4ae3-6a63-492c-8968-e8adcae29743,intend.kim,available,5.98,32.98,high,low,6,namecheap,,,25/09/2026 18:20
4d627ed5-d618-43c7-b961-8c42cf676657,emergence.kim,available,12.99,23.49,high,low,9,namesilo,,,03/10/2026 00:36
80cfeaf5-6c4b-4e48-beec-e9cb6a350d0c,assembly.kim,available,12.99,23.49,high,low,8,namesilo,,,20/09/2026 16:09
d49850bb-d4e3-4d5e-9bed-57521a6078ea,conquest.kim,available,12.99,23.49,high,low,8,namesilo,,,29/09/2026 11:03
d3c16504-c848-4114-afbe-c24973177287,releases.kim,available,5.38,18.83,medium,low,8,spaceship,,,29/09/2026 16:41
7fe65b81-e692-49b6-9754-720c7d2945dc,chet.kim,available,5.38,18.83,high,low,4,spaceship,,,29/09/2026 03:38
9efb3e6f-a724-41a6-96b7-e7328d1b26db,saliva.kim,available,12,,medium,low,6,unstoppable,,,29/09/2026 13:54
58a36d53-7e20-49ae-b5f9-89b78793d792,emerald.kim,available,18.2,18.2,high,low,7,cloudflare,,,28/09/2026 19:05
5a7cc3a0-ff80-4ef2-8aaf-b422cf5e7887,taxed.kim,available,5.38,18.83,medium,low,5,spaceship,,,02/10/2026 18:15
cd782407-b8c3-4deb-b54d-88cfd800a916,shaken.kim,available,5.98,32.98,high,low,6,namecheap,,,10/09/2026 05:44
7f418988-f014-4862-a2d4-bdcab9e61f96,primacy.kim,available,18.2,18.2,high,low,7,cloudflare,,,01/10/2026 03:21
b0ec5e40-872a-4ec0-917b-b7fe906705d1,acardia.kim,available,5.98,32.98,medium,low,7,namecheap,,,16/09/2026 21:17
055b85fc-ddc3-4175-afb1-68480335fc27,uprising.kim,available,5.38,18.83,medium,low,8,spaceship,,,29/09/2026 01:22
a747c753-dbb2-4ef4-b1b3-238a3ebb0c36,bosnia.kim,available,12.99,23.49,high,low,6,namesilo,,,25/09/2026 02:00
48518dec-26eb-4bab-9a89-5ad1300a4df6,inconspicuous.kim,available,5.38,18.83,medium,low,13,spaceship,,,03/10/2026 02:49
5314ad76-2922-4baf-8cee-c45ca5b0d740,structural.kim,available,12.99,23.49,high,low,10,namesilo,,,19/09/2026 17:09
f395c171-b60a-44bb-a987-7a1ebef1f6c2,preventing.kim,available,18.2,18.2,medium,low,10,cloudflare,,,30/09/2026 06:24
a0e1e37b-a679-480b-bdd5-308571fe9277,celestial.kim,available,5.98,32.98,high,low,9,namecheap,,,11/08/2026 23:20
d74997b8-67e5-4283-8750-d0690dca68a3,eery.kim,available,5.98,32.98,medium,low,4,namecheap,,,15/08/2026 12:45
1c8663cd-18a1-4270-82db-e70ff14e2ce8,verner.kim,available,5.38,18.83,medium,low,6,spaceship,,,03/10/2026 01:23
db462689-c99a-42a7-9943-76f8fcbc0365,ahl.kim,available,12.99,23.49,high,low,3,namesilo,,,29/09/2026 10:25
509ea7b4-48de-4209-a24c-22e4e84ef191,blurry.kim,available,5.98,32.98,medium,low,6,namecheap,,,22/09/2026 23:23
50b323ab-f9df-439d-9833-44b343ba0d4a,rinpoche.kim,available,5.38,18.83,medium,low,8,spaceship,,,01/10/2026 23:21
4c538291-e6ce-41cb-8eec-1f7164686030,reliable.kim,available,8.24,19.11,high,low,8,dynadot,,,02/10/2026 11:48
fed5d160-e020-4d9a-b3f0-5850553bfb59,base.kim,available,12.99,23.49,high,medium,4,namesilo,,,02/10/2026 10:15
c0c7b451-a9f1-4962-ad51-c2ef473843af,stuyvesant.kim,available,8.24,19.05,high,low,10,porkbun,,,29/09/2026 19:58
8952b3ed-f205-4ec1-87a7-2a43b1cec2d8,articled.kim,available,5.98,32.98,medium,low,8,namecheap,,,06/08/2026 08:28
742b126b-3546-4a28-9523-bb0ed62cd29e,schooling.kim,available,12.99,23.49,high,low,9,namesilo,,,01/10/2026 11:01
e5f7f47d-806e-406e-9e3f-4725ac68437b,festivities.kim,available,8.24,19.05,medium,low,11,porkbun,,,29/09/2026 22:56
bf2616c9-9531-42ff-ba95-a7ef2e7143c6,strive.kim,available,12,,high,low,6,unstoppable,,,29/09/2026 18:47
173c00bc-5fdc-4653-986b-d9e965a94d18,melon.kim,available,12.99,23.49,high,low,5,namesilo,,,29/09/2026 13:24
4ec6b9a1-7bd8-447c-8bb9-0b46cb3ed53a,bucks.kim,available,12.99,23.49,high,low,5,namesilo,,,25/09/2026 13:26
3c5f1e3b-b4a2-41f4-bce8-c1e13000024f,corral.kim,available,5.38,18.83,medium,low,6,spaceship,,,02/10/2026 14:36
ef17d9e4-d5e8-4e6f-b585-24f75f265a51,searches.kim,available,5.98,32.98,medium,low,8,namecheap,,,20/09/2026 07:30
80c3249e-4722-4ca8-bf40-c389516b13d7,trimly.kim,available,12.99,23.49,medium,low,6,namesilo,,,16/09/2026 09:29
e76131eb-6d01-4ec8-a088-1508b0127ca9,aliment.kim,available,5.98,32.98,medium,low,7,namecheap,,,18/09/2026 07:56
ea75d911-4b76-4b37-b83e-fec0e01bad47,benefic.kim,available,5.98,32.98,medium,low,7,namecheap,,,09/08/2026 14:18
5e38c91c-01b3-4286-80c7-35b361e0d4d5,beebread.kim,available,12.99,23.49,medium,low,8,namesilo,,,18/09/2026 17:24
5759f1b2-1549-421a-af03-d9e4bb1900d0,awaits.kim,available,12.99,23.49,medium,low,6,namesilo,,,30/09/2026 07:34
3d1e51f7-aca5-4dc7-bc30-86e45521e440,dwindling.kim,available,5.98,32.98,medium,low,9,namecheap,,,14/08/2026 21:48
a74347ea-9f15-4068-933c-ee3fed40dd2f,cecile.kim,available,12,,high,low,6,unstoppable,,,03/10/2026 04:56
293880cb-26c9-4943-b50e-89595e97ffc6,formation.kim,available,5.38,18.83,high,low,9,spaceship,,,28/09/2026 05:38
3d9bd896-0863-4125-84a2-92cb434cb758,liberal.kim,available,5.98,32.98,high,low,7,namecheap,,,09/08/2026 20:57
dbd74775-0e51-4abf-bb3e-09d6405140d1,firefighter.kim,premium,1000.5,,high,low,11,unstoppable,,,30/09/2026 23:57
a5e96ac8-bef3-4b78-bc3d-f4d9820eccc5,freshman.kim,available,5.98,32.98,high,low,8,namecheap,,,18/08/2026 05:23
6ee75639-edf6-472b-af91-a4ff3ef06500,auxetic.kim,available,5.98,32.98,medium,low,7,namecheap,,,07/08/2026 21:28
14c86387-be05-4b22-8090-4f7b29abd946,circumstances.kim,available,12.99,23.49,medium,low,13,namesilo,,,27/09/2026 02:27
32b9a5fd-20c0-40ee-a16d-fbe78f0d40e7,norte.kim,available,12.99,23.49,high,low,5,namesilo,,,27/09/2026 07:02
55456909-b059-4451-ada1-b80e853d1fd3,angled.kim,available,5.98,32.98,medium,low,6,namecheap,,,
4975960c-4436-4185-b770-f688a868331b,python.kim,available,5.98,32.98,high,low,6,namecheap,,,29/09/2026 13:44
9622ca76-0560-4ab9-ba5f-f06ac90b9051,backyard.kim,available,12.99,23.49,high,low,9,namesilo,,,21/09/2026 16:22
288e6f2e-4407-407b-8af2-8fdfde780464,lewd.kim,available,5.98,32.98,high,low,4,namecheap,,,22/08/2026 20:07
5278d44a-8c0b-4484-af7c-9e07f55a1587,whiskey.kim,available,5.38,18.83,high,low,7,spaceship,,,27/09/2026 16:19
0d568ffb-0672-4851-b07c-e37c5938e033,coolest.kim,available,5.38,18.83,high,low,7,spaceship,,,02/10/2026 13:53
a738d00b-8b64-4b6e-a4c3-94fc99efd280,enchained.kim,available,5.98,32.98,medium,low,9,namecheap,,,12/08/2026 01:24
6d3afdff-1aa5-402a-bad8-b60c7aa6cb9e,gorton.kim,available,12.99,23.49,high,low,6,namesilo,,,30/09/2026 04:32
c0e1903a-20fe-47f1-a8b2-8a5c7050fe25,finish.kim,available,5.98,32.98,high,low,6,namecheap,,,08/09/2026 15:33
9f5b4888-d62c-497a-b9b0-f87148b1c0bc,newspaper.kim,available,12.99,23.49,high,low,9,namesilo,,,30/09/2026 05:38
244e04e6-81d9-4f49-be45-9abfd262355a,areopagus.kim,available,5.98,32.98,medium,low,9,namecheap,,,20/09/2026 03:52
2a65ed40-9c0f-4b57-9448-2295dc82cbaa,iata.kim,available,5.38,18.83,medium,low,4,spaceship,,,30/09/2026 20:51
f2aa9f07-7a2f-47fd-a66a-f7f1a979d2db,scrolls.kim,available,18.2,18.2,medium,low,7,cloudflare,,,30/09/2026 00:40
3a42816e-96db-44ee-ac46-e95953d14b1c,legislature.kim,available,12.99,23.49,high,low,11,namesilo,,,01/10/2026 05:03
a3e27c38-5241-4964-b7eb-645b527c8690,adenauer.kim,available,5.98,32.98,medium,low,8,namecheap,,,17/09/2026 07:24
5d39d91f-214b-4203-b361-75a4ed9f2365,localised.kim,available,5.98,32.98,medium,low,9,namecheap,,,24/08/2026 08:47
5e23aa24-db3f-48c4-8cf0-cebe3475748d,stonewalls.kim,available,12.99,23.49,low,low,10,namesilo,,,20/09/2026 14:03
ddf35692-6470-4cab-832c-389308504ae0,dunfermline.kim,available,18.2,18.2,medium,low,11,cloudflare,,,02/10/2026 10:34
522faad4-293b-4d8b-8a3b-de9c6cefd71b,sweetish.kim,available,5.98,32.98,medium,low,8,namecheap,,,11/09/2026 05:36
ae87d01f-1f5a-4949-bccd-1269dae31d5f,gem.kim,available,8.24,19.05,high,medium,3,porkbun,,,28/09/2026 19:19
7ed7ca56-f22d-47af-9f54-72f5bd6a063f,retaining.kim,available,5.38,18.83,high,low,9,spaceship,,,30/09/2026 04:00
b89f5da0-debc-4a00-9927-c957d9345f0d,feet.kim,available,8.24,19.11,high,low,4,dynadot,,,02/10/2026 15:14
7eceea4a-2289-45d4-94b8-93a2574d38b1,islands.kim,available,18.2,18.2,high,low,7,cloudflare,,,02/10/2026 09:15
7578547e-d27e-465b-9066-4c58c5778e0a,ult.kim,available,5.98,32.98,high,low,3,namecheap,,,11/09/2026 22:48
7ebdc56a-2777-4363-a92d-87b24134b4e3,analects.kim,available,12.99,23.49,medium,low,8,namesilo,,,19/09/2026 01:48
e8bf7cd9-58d0-4600-9134-d5f451609342,penguins.kim,available,12,,high,low,8,unstoppable,,,01/10/2026 00:56
d137bebe-0ea0-4350-aa33-320213cfd120,molto.kim,available,5.98,32.98,medium,low,5,namecheap,,,15/09/2026 15:19
4baab279-c359-48d1-9914-227768ad90d0,valdez.kim,available,8.24,19.11,medium,low,6,dynadot,,,28/09/2026 20:43
d9dc5a1a-4e47-4699-b200-3347fedaa23f,basque.kim,available,12.99,23.49,high,low,6,namesilo,,,22/09/2026 11:41
3c8390d8-085a-4a4c-abf2-110716e9b001,argued.kim,available,5.38,18.83,low,low,6,spaceship,,,28/09/2026 22:57
32748a01-2174-4ac0-980b-17a6d285e243,profanely.kim,available,5.98,32.98,low,low,9,namecheap,,,15/09/2026 21:40
d9f16610-f78f-4917-bfb7-a6251f52bc09,dotted.kim,available,14.99,27.99,medium,low,6,name.com,,,13/08/2026 18:28
5d77543f-1699-4f36-9610-1e953539bdbb,blackbuck.kim,available,12.99,23.49,medium,low,9,namesilo,,,19/09/2026 14:39
d41ef3f5-3e88-4146-b886-1418f69f989c,anguis.kim,available,5.98,32.98,medium,low,6,namecheap,,,19/09/2026 07:34
b1fc56f3-2848-499e-925f-d80dcddb659b,idiomatic.kim,available,5.98,32.98,high,low,9,namecheap,,,21/08/2026 18:07
b5416f0d-0076-47e6-8f8d-b10613a4c13d,ovoid.kim,available,5.98,32.98,medium,low,5,namecheap,,,15/08/2026 18:50
b4c83f56-102d-4a29-9190-2a9621bc3f3e,glanced.kim,available,12.99,23.49,medium,low,7,namesilo,,,18/09/2026 01:59
421d8106-88e7-46f3-b6f7-cacff3cf5901,harlot.kim,available,14.99,27.99,medium,low,6,name.com,,,13/08/2026 14:19
9b54cc9f-7adc-42ec-8e4a-8a8e828f36be,resettled.kim,available,5.98,32.98,medium,low,9,namecheap,,,09/09/2026 13:41
5f6c5af5-2317-4891-805c-fe2aed55d259,failing.kim,available,5.98,32.98,medium,low,7,namecheap,,,17/08/2026 20:44
fc20a744-7e83-40c6-a79c-d414edd6941c,flag.kim,available,5.98,32.98,high,low,4,namecheap,,,25/09/2026 00:12
1ae39d30-7fc9-4120-bb1c-e5411507ee27,blog.kim,resell,,,high,medium,4,,,,29/09/2026 17:59
051a2f7a-ae23-425d-b41f-043ce3de4e1f,misguided.kim,available,5.98,32.98,medium,low,9,namecheap,,,21/08/2026 18:57
a8dd49fb-f74e-4c65-8d4e-ebc25a6f2685,past.kim,available,12.99,23.49,high,low,4,namesilo,,,27/09/2026 02:57
c45d343c-2f87-4ecb-a2b1-38514e454921,hissing.kim,available,5.38,18.83,medium,low,7,spaceship,,,02/10/2026 04:52
3739882c-70c4-48a3-a2ba-9c716cedff94,antibody.kim,available,5.98,32.98,high,low,8,namecheap,,,19/09/2026 14:14
e0742bc2-7a9d-4b57-b495-f90e339c8623,year.kim,available,12.99,23.49,high,low,4,namesilo,,,30/09/2026 14:04
62f17364-c40f-4968-9d8c-4fe2e0e3691f,associates.kim,available,5.38,18.83,medium,low,10,spaceship,,,28/09/2026 08:50
1af8f474-f11a-468e-aaa7-e6d3f75e01e1,obtaining.kim,available,18.2,18.2,low,low,9,cloudflare,,,30/09/2026 23:25
58006301-7549-4a48-8459-79e6a45ab678,metabolic.kim,available,5.98,32.98,high,low,9,namecheap,,,24/08/2026 21:26
39f1502e-4ca6-41eb-bb01-7dfec653dc15,modena.kim,available,18.2,18.2,medium,low,6,cloudflare,,,29/09/2026 03:43
156e818f-033c-4c2c-9b6d-8dddca05b7b2,plagued.kim,available,5.38,18.83,medium,low,7,spaceship,,,29/09/2026 03:23
efb76a74-3f8e-48fb-9c74-cad25640b9c4,equations.kim,available,12.99,23.49,medium,low,9,namesilo,,,18/09/2026 12:39
70e7bd5c-63dc-499c-b1ee-bbc2bdbd03fa,portland.kim,available,18.2,18.2,high,low,8,cloudflare,,,30/09/2026 07:12
59ed1f9f-aa94-496c-ba35-472ebb758f1a,sharon.kim,premium,242,242,high,low,6,namesilo,,,27/09/2026 06:30
7e25aa97-c9fb-4cf1-b934-5caeb162e0d3,belfast.kim,available,12.99,23.49,high,low,7,namesilo,,,23/09/2026 04:55
5dea6cc0-775c-4fde-98d8-b5e60e465e5b,tarnish.kim,available,5.98,32.98,medium,low,7,namecheap,,,24/08/2026 12:50
0801906c-c6f4-40c1-a1e7-a4b5a94da925,grouch.kim,available,5.98,32.98,medium,low,6,namecheap,,,13/08/2026 04:56
d3158bed-1247-4b16-bbca-a4d965e83d57,coagulate.kim,available,5.98,32.98,medium,low,9,namecheap,,,12/08/2026 13:27
e472e274-2d66-44d9-a323-603accd5b2fa,selection.kim,available,12,23.49,high,low,9,unstoppable,,,02/10/2026 10:45
199369f6-9597-4f9a-92ed-12d9afe44e20,effortless.kim,available,5.98,32.98,high,low,10,namecheap,,,15/08/2026 16:21
37923d0e-356d-4f8c-88c4-e8a606c614c7,brandeis.kim,available,12.99,23.49,medium,low,8,namesilo,,,28/09/2026 08:12
cca93254-613d-46ab-9fbd-51e0537d0511,cobalt.kim,available,12.99,23.49,high,low,6,namesilo,,,20/09/2026 22:41
3d9b330b-713c-405f-a85f-2456d19f2a02,starters.kim,available,12,,medium,low,8,unstoppable,,,29/09/2026 05:59
7bc951bc-7357-4271-ae61-f9693494c89e,seasoning.kim,available,18.2,18.2,high,low,9,cloudflare,,,02/10/2026 15:11
63f946e3-d6cc-4ed0-9b20-d154ee10bd29,seattle.kim,available,12,,high,low,7,unstoppable,,,30/09/2026 10:52
433b3346-2903-45f2-aedc-6e3a83bdc78c,carew.kim,available,5.38,18.83,medium,low,5,spaceship,,,30/09/2026 00:59
c1935d43-96d1-4c9b-a45f-5cb9412dc4bf,wreath.kim,available,8.24,19.11,high,low,6,dynadot,,,30/09/2026 16:41
2e455b37-d7c7-4580-81fb-721387ee9b75,ambush.kim,available,5.98,32.98,high,low,6,namecheap,,,24/08/2026 12:29
c439619a-d5c2-4362-837f-77db94d8aba7,octad.kim,available,5.98,32.98,medium,low,5,namecheap,,,
2ed92fd0-9a78-4dce-9e9c-0fad97a24658,spreadsheet.kim,available,12.99,23.49,high,low,11,namesilo,,,01/10/2026 23:36
f914cd8e-fed8-411b-87bb-26ff69c5e6ec,drink.kim,available,12,32.98,high,low,5,unstoppable,,,01/10/2026 16:02
31445af3-f255-4d07-936a-c517605c5519,sequence.kim,available,5.98,32.98,high,low,8,namecheap,,,24/09/2026 14:56
bc01a111-da5a-4906-9dd8-01ce649e2051,gia.kim,available,12.99,23.49,high,low,3,namesilo,,,20/09/2026 06:34
93379785-7a2c-4a4e-9003-b78a2e872a84,approximately.kim,available,12.99,23.49,high,low,13,namesilo,,,27/09/2026 08:28
e21149b7-074f-4cac-ba22-d8fb2cb0fee1,gjo.kim,available,12.99,23.49,medium,low,4,namesilo,,,17/09/2026 05:37
a4048e62-c5a9-43bf-95c2-23b4154c8fb0,disease.kim,available,18.2,18.2,high,low,7,cloudflare,,,29/09/2026 15:40
01d3cacb-043d-42cf-aded-a9e88ba0afd8,abaxial.kim,available,5.98,32.98,medium,low,7,namecheap,,,
b272ac91-06cd-40ab-b7f7-75a7a56c575c,frunze.kim,available,12.99,23.49,medium,low,6,namesilo,,,23/09/2026 21:44
6b76c5ef-54b1-42b4-958d-c810275db06f,bedder.kim,available,12.99,23.49,medium,low,6,namesilo,,,22/09/2026 23:13
9201e1f5-eaad-4061-878a-2be1411d35d6,instinctive.kim,available,12.99,23.49,high,low,11,namesilo,,,03/10/2026 02:56
e67fbd77-2cce-44ca-b992-fd9bda99ebc1,classmate.kim,available,5.38,18.83,high,low,9,spaceship,,,29/09/2026 11:55
2dd46afc-1e18-4cb4-808a-be19503af576,brittle.kim,available,5.98,32.98,medium,low,7,namecheap,,,11/08/2026 03:47
20664418-28f8-449d-84cb-b12beedd00bf,magnolia.kim,available,18.2,18.2,high,low,8,cloudflare,,,30/09/2026 10:32
cbd2437d-0b06-41d9-acc2-27e2b387fc65,selenium.kim,available,12.99,23.49,medium,low,8,namesilo,,,20/09/2026 22:53
467e5225-7a8f-4541-a284-d1c226b9fc2a,ghoulish.kim,available,5.98,32.98,medium,low,8,namecheap,,,18/08/2026 23:21
5f247f53-35cc-41dd-b526-c22aa98e9b26,occult.kim,available,5.98,32.98,high,low,6,namecheap,,,03/09/2026 12:26
32e5ede6-61ab-473a-8951-c25b0a6d5aa3,vitrified.kim,available,5.98,32.98,medium,low,9,namecheap,,,13/09/2026 06:20
ffe0e0db-45b6-4601-bc6a-0e187cbd62be,moneyed.kim,available,5.98,32.98,high,low,7,namecheap,,,
ed227715-42f6-4fc2-933c-7b8fb663c73b,pleading.kim,available,5.98,32.98,medium,low,8,namecheap,,,09/08/2026 15:21
5761e85c-913e-4503-b261-0c36bdbeede0,diligence.kim,available,5.38,18.83,high,low,9,spaceship,,,29/09/2026 14:59
6dfd9e64-18be-48a3-b64a-5dd70583a589,obtain.kim,available,5.98,32.98,high,low,6,namecheap,,,30/09/2026 21:13
3e965226-6deb-406e-91f7-6777bc553284,modelling.kim,available,5.38,18.83,high,low,9,spaceship,,,30/09/2026 04:48
017be10d-bf86-47df-875c-af5c4e828e5b,clem.kim,available,5.38,18.83,medium,low,4,spaceship,,,01/10/2026 22:57
b9c30a34-a5dc-4e57-9294-9d10d276acba,clarion.kim,available,5.98,32.98,high,low,7,namecheap,,,12/08/2026 09:38
cfe730d1-25c8-4165-9698-6f152bd3270c,genes.kim,available,5.38,18.83,medium,low,5,spaceship,,,01/10/2026 17:20
5c3c8df1-63df-4820-824e-03216b43418e,gallstone.kim,available,5.98,32.98,medium,low,9,namecheap,,,23/09/2026 15:46
5386c814-782e-4a45-ae92-7f8c1c74242f,blackwash.kim,available,12.99,23.49,medium,low,9,namesilo,,,20/09/2026 15:47
9b9cf73b-b630-42a4-a789-ccb3580aec38,prototypal.kim,available,5.98,32.98,medium,low,10,namecheap,,,06/08/2026 15:37
7016addc-8975-4fc0-9fe4-a6c62fb00a9c,starchy.kim,available,5.98,32.98,medium,low,7,namecheap,,,11/08/2026 07:29
fb694ec2-6a32-48ba-b74b-da31657ea723,immobile.kim,available,5.98,32.98,medium,low,8,namecheap,,,21/08/2026 21:05
f0e666d8-2853-4b73-aaa0-20ed86ec8e07,accumulate.kim,available,5.98,32.98,high,low,10,namecheap,,,12/08/2026 16:47
0f591c3d-bbc1-4d7d-9265-59480002314d,bushnell.kim,available,18.2,18.2,medium,low,8,cloudflare,,,29/09/2026 11:50
f5fee8bb-f51d-4c40-8acb-7b614c82c0db,rhodium.kim,available,12.99,23.49,medium,low,7,namesilo,,,20/09/2026 23:08
b4a34e8a-b562-4154-aa56-e38032066bd0,constant.kim,available,5.98,32.98,high,low,8,namecheap,,,11/08/2026 23:02
e7f35152-b614-4abc-8914-15d9b8f280f9,squiggly.kim,available,5.98,32.98,medium,low,8,namecheap,,,10/09/2026 17:43
058dc2ab-d440-4c54-8459-a4bdb624d362,nonplussed.kim,available,5.98,32.98,medium,low,10,namecheap,,,07/08/2026 10:48
f3e367cb-8a9e-408f-b85b-1dcb3c183328,pediatric.kim,available,5.98,32.98,high,low,9,namecheap,,,04/09/2026 22:48
add6605b-bb0d-43a4-8b5c-fdcfe9d85dca,interruption.kim,available,5.38,18.83,medium,low,12,spaceship,,,29/09/2026 15:58
3b46b110-5159-41e4-acae-314ae207b9db,bowls.kim,available,5.38,18.83,high,low,5,spaceship,,,29/09/2026 03:46
eecc8f8b-26c9-4027-8641-00fd678467ec,grammar.kim,available,5.38,18.83,high,low,7,spaceship,,,29/09/2026 21:08
dbea78fe-eccf-480e-b4b7-87466059dc6e,shouting.kim,available,5.98,32.98,medium,low,8,namecheap,,,12/08/2026 03:49
828dfa3a-9f3d-422c-a8fb-65ae3ff296da,pays.kim,available,12.99,23.49,medium,low,4,namesilo,,,25/09/2026 17:21
b46d27fa-6714-4ad1-9560-9b55c907c289,mammary.kim,available,5.98,32.98,medium,low,7,namecheap,,,24/08/2026 14:23
4159dc2a-01a4-41a5-a226-f4f6c7c6a3ad,demanding.kim,available,5.98,32.98,medium,low,9,namecheap,,,14/08/2026 01:06
07fe8b54-2b01-43f8-9bde-3f9a34e0a7e3,angular.kim,available,12.99,23.49,high,low,7,namesilo,,,22/09/2026 04:30
01216723-a1de-4918-a7fe-3628d7c95156,asin.kim,available,12.99,23.49,high,low,4,namesilo,,,20/09/2026 14:15
86b9cfc8-0651-49b9-9d05-de01bf337a66,date.kim,available,18.2,18.2,high,low,4,cloudflare,,,29/09/2026 13:13
a882a60e-e70a-4c56-aadc-78a839217e7d,xxxv.kim,available,5.98,32.98,medium,low,4,namecheap,,,
0c2f9d0b-92bf-489c-9861-b725a7e4111f,calibre.kim,available,12.99,23.49,high,low,7,namesilo,,,24/09/2026 11:45
0cc96b6f-5205-438e-bd15-641b63a95fc1,castor.kim,available,12.99,23.49,medium,low,6,namesilo,,,18/09/2026 13:36
382fc63f-9fd9-450c-9383-ffd92415474f,gory.kim,available,5.98,32.98,medium,low,4,namecheap,,,10/08/2026 15:23
c2983243-6477-4cf6-9f01-cc04bdfce724,prefectures.kim,available,12.99,23.49,medium,low,11,namesilo,,,30/09/2026 16:16
e249cbd2-ae6c-4127-a872-06b775892574,dyes.kim,available,5.38,18.83,medium,low,4,spaceship,,,02/10/2026 21:54
62bb5f59-f293-48ae-9c3b-6a2664f9c741,heidi.kim,available,12.99,23.49,high,low,5,namesilo,,,28/09/2026 16:18
83084591-21a7-4ddf-9712-7a45674f595a,retiring.kim,available,12.99,23.49,high,low,8,namesilo,,,27/09/2026 13:20
32f56aed-6163-4d78-8c8a-9a5f5b4af1c7,strategies.kim,available,5.38,18.83,medium,low,10,spaceship,,,30/09/2026 07:25
10e64f6f-ff68-4aa2-ac6d-7cced847a150,adjust.kim,available,5.38,18.83,high,low,6,spaceship,,,28/09/2026 11:09
97b87933-bce2-41bc-b986-83c5e06882dc,carryforward.kim,available,12.99,23.49,medium,low,13,namesilo,,,16/09/2026 06:47
1415d1e6-d3ab-42b7-826d-9b2cbf5c7be1,afterimage.kim,available,12.99,23.49,high,low,10,namesilo,,,17/09/2026 15:42
9861fc0b-11ee-42b9-b0ea-1f1845cee2c4,congruence.kim,available,18.2,18.2,high,low,10,cloudflare,,,02/10/2026 14:44
548bf1c4-08e9-45a1-84c9-8458283b9f0d,shift.kim,available,5.38,18.83,high,medium,5,spaceship,,,27/09/2026 21:11
1c1a5d82-cc8b-4923-98f0-eeed4583dbc3,measures.kim,available,5.38,18.83,low,low,8,spaceship,,,28/09/2026 08:34
4cc87397-15e5-47c1-826e-e2e5a693d03f,desires.kim,available,12.99,23.49,high,low,7,namesilo,,,17/09/2026 08:40
a045d72c-703f-4011-81f6-fffc7df08fbe,distinction.kim,available,12,,high,low,11,unstoppable,,,02/10/2026 21:05
7612dd16-38a0-4ead-bca3-b60b1cb71786,slothful.kim,available,5.98,32.98,medium,low,8,namecheap,,,17/08/2026 20:58
406d521a-9a65-437b-b06a-a777c64572d6,customized.kim,available,12.99,23.49,medium,low,10,namesilo,,,30/09/2026 23:17
ec3e81d7-ca0a-4ded-8ed7-3d735407338b,arabic.kim,available,12.99,23.49,high,low,6,namesilo,,,22/09/2026 07:33
b3c1f8dd-3a5a-4b84-8580-46c6b58b1eec,caprice.kim,available,12.99,23.49,high,low,7,namesilo,,,24/09/2026 12:38
3fe0c36e-c572-4a16-b092-b700e51bef62,ageratum.kim,available,12.99,23.49,medium,low,8,namesilo,,,17/09/2026 17:22
e280fa64-d5b2-4212-b372-eae1bbbcbcfa,emission.kim,available,12.99,23.49,high,low,8,namesilo,,,30/09/2026 01:30
9c38d7e2-b246-4ecd-85c4-2687a1f18bfa,displeasure.kim,available,12.99,23.49,medium,low,11,namesilo,,,01/10/2026 05:24
4438cec6-def2-4d1f-87ea-9cf503f23d6b,compounded.kim,available,5.98,32.98,high,low,10,namecheap,,,12/08/2026 19:34
16fd3f92-628e-4cec-8bab-12b3833732f5,seize.kim,available,5.98,32.98,high,low,5,namecheap,,,23/09/2026 20:08
c670ed99-e61e-4e87-bf8a-441c1b4076a4,inclusion.kim,available,5.38,18.83,high,low,9,spaceship,,,02/10/2026 04:18
2961c7ee-50fb-4d36-bc08-caaa1ef5d603,defunct.kim,available,5.98,32.98,medium,low,7,namecheap,,,13/08/2026 23:55
7614c810-108e-42af-a915-b577cbe1522a,helmets.kim,available,5.38,18.83,medium,low,7,spaceship,,,30/09/2026 00:28
40f69509-4e2f-4482-b10b-25a1a616a78f,mahler.kim,available,5.38,18.83,medium,low,6,spaceship,,,29/09/2026 01:10
659a038a-a42b-4514-93b4-cfe65b7c246c,lizard.kim,available,8.24,19.11,high,low,6,dynadot,,,30/09/2026 03:05
a157b227-7e74-4c91-a1b2-0a6ee5fc4503,birchbark.kim,available,5.98,32.98,medium,low,9,namecheap,,,23/09/2026 19:23
bc47dc94-5206-4231-9297-82362bc1ef37,workfare.kim,available,12,,medium,low,8,unstoppable,,,02/10/2026 23:10
6bd097a3-b20e-44d3-9105-ec86471255d4,diabetes.kim,available,8.24,19.05,high,low,8,porkbun,,,29/09/2026 14:48
5a00a9a9-b921-4de0-8300-d7e582d7fdce,becomes.kim,available,12.99,23.49,medium,low,7,namesilo,,,27/09/2026 10:31
f8961190-0279-4575-8c0e-c7e6990bd2eb,phone.kim,premium,2070.2,2070.2,high,low,5,spaceship,,,29/09/2026 17:28
433bbe66-3033-41e3-a09b-5dd77bf5fed6,verses.kim,available,12,,medium,low,6,unstoppable,,,30/09/2026 06:45
38ecad74-8883-454a-851a-bf0a7e172ecc,wish.kim,available,12.99,23.49,high,low,4,namesilo,,,25/09/2026 13:40
45421cf3-b988-4041-8d88-81d755951fbd,sacrament.kim,available,5.38,18.83,high,low,9,spaceship,,,02/10/2026 06:18
e060681c-4f30-475d-904c-c41aeaeac063,head.kim,available,18.2,18.2,high,low,4,cloudflare,,,30/09/2026 14:18
513beaaf-1fed-4fa1-bb91-54734ae92772,pointed.kim,available,5.98,32.98,high,low,7,namecheap,,,08/09/2026 22:36
7f9f64a5-607a-42bb-9f8b-257672568b1c,reduce.kim,available,12.99,23.49,high,low,6,namesilo,,,24/09/2026 08:28
895e986b-07cc-4b07-880a-30b3f5718ee8,nude.kim,available,5.98,32.98,high,low,4,namecheap,,,07/08/2026 16:15
520389b1-9ed6-43c6-83a9-926f48456e6e,legend.kim,resell,,,high,low,6,"Xiamen ChinaSource Internet Service Co., Ltd",02/12/2025 15:15,02/12/2026 15:15,30/09/2026 02:45
1e281f63-d9f5-488e-ae8f-75c460461b6b,encounter.kim,available,5.98,32.98,high,low,9,namecheap,,,25/09/2026 19:00
b47089aa-34a8-4a3c-87bd-06a1be34f54f,trance.kim,available,12.99,23.49,high,low,6,namesilo,,,28/09/2026 13:44
944a8ad0-a53d-4b46-ab58-0d3103782021,pestilent.kim,available,5.98,32.98,medium,low,9,namecheap,,,08/08/2026 12:06
16f82722-20de-40b4-a4ca-2c2699b539b9,shag.kim,available,5.98,32.98,medium,low,4,namecheap,,,18/08/2026 17:33
574a4f07-0672-4728-afea-a9bd019aa2d1,dawson.kim,available,12.99,23.49,high,low,6,namesilo,,,25/09/2026 04:48
d5d9ed63-1e0d-4123-9c32-0b3a9240016d,jokingly.kim,available,5.98,32.98,medium,low,8,namecheap,,,14/09/2026 17:23
ec039f35-2aa7-4e3e-8d74-0614b48f0d2e,dress.kim,available,14.99,27.99,high,low,5,name.com,,,24/09/2026 12:08
f068c51d-bb08-43a7-8c0d-df2375756a06,belle.kim,available,12.99,23.49,high,low,5,namesilo,,,23/09/2026 06:02
9647dc49-53b5-48f1-bcee-79e3db3112b6,evaluations.kim,available,12.99,23.49,medium,low,11,namesilo,,,02/10/2026 14:20
fa6b1880-9232-42f8-b0a2-734beb83435c,riskless.kim,available,5.98,32.98,medium,low,8,namecheap,,,09/09/2026 17:59
490525b9-e29c-4471-9f2b-35180794b0a1,indica.kim,available,12.99,23.49,high,low,6,namesilo,,,30/09/2026 12:26
b7303951-624d-4c99-954a-376a91e144e9,cures.kim,available,18.2,18.2,medium,low,5,cloudflare,,,02/10/2026 03:22
cb1149e5-5d8a-4304-b386-9b03449f8e91,curving.kim,available,5.98,32.98,high,low,7,namecheap,,,13/08/2026 11:49
fb2d7ad5-7386-40fc-a910-cec4d38bf960,thread.kim,available,18.2,18.2,high,low,6,cloudflare,,,30/09/2026 04:06
7bd8e246-efc2-473f-b94f-06cf8e1e7540,coma.kim,available,12.99,23.49,high,low,4,namesilo,,,25/09/2026 04:19
02537783-27bc-4e24-806e-e8ba40425d8f,pickles.kim,available,8.24,19.11,medium,low,7,dynadot,,,30/09/2026 12:43
6fb3d5f2-0653-4cb1-840e-543cd81dd66d,unravel.kim,available,5.98,32.98,high,low,7,namecheap,,,02/10/2026 16:30
29542552-1cd2-4239-82dc-b297795177f0,nonvisual.kim,available,5.98,32.98,medium,low,9,namecheap,,,03/09/2026 21:06
d5e0c9dc-fc27-436c-97bd-6ac37ec8e780,certificate.kim,available,12,,high,low,11,unstoppable,,,01/10/2026 05:07
ad0780d3-fc6a-4cfa-864c-3e81b30e2b00,arched.kim,available,5.98,32.98,medium,low,6,namecheap,,,06/08/2026 14:34
ec72d33a-5135-4bf9-ad32-797ba78ea850,flak.kim,available,5.98,32.98,medium,low,4,namecheap,,,
ec9e47a7-a1c3-4a41-ad8a-5158f2ca21a0,elk.kim,available,12.99,23.49,high,low,3,namesilo,,,18/09/2026 03:55
5da7a183-1c8b-4e97-9c76-d0ba14503e2f,plausible.kim,available,5.98,32.98,high,low,9,namecheap,,,08/09/2026 20:55
faa5be08-b924-48b8-a58c-e7c4bbee4db1,whistle.kim,available,12.99,23.49,high,low,7,namesilo,,,25/09/2026 23:59
ca0bc6e7-2fa5-4c06-862f-1c7805d9a602,finitely.kim,available,5.98,32.98,medium,low,8,namecheap,,,14/09/2026 18:35
82a8f7df-f44c-4d39-bb25-762abf0ce9ef,strap.kim,available,5.38,18.83,high,low,5,spaceship,,,28/09/2026 10:12
d13390d3-1ab1-4781-9590-3c56ff430707,scsi.kim,available,12.99,23.49,medium,low,4,namesilo,,,01/10/2026 03:36
74873f25-c79c-44bc-b08a-82f33bd35f42,alborg.kim,available,12.99,23.49,medium,low,6,namesilo,,,16/09/2026 13:12
84d9ebdc-07f3-4728-b733-af0a9f645fca,thaw.kim,available,5.98,32.98,high,low,4,namecheap,,,24/08/2026 19:45
d5624bcc-142b-4721-9e69-ccf15bfa61d1,violating.kim,available,5.38,18.83,low,low,9,spaceship,,,29/09/2026 05:13
063e5d0c-ff1e-4d26-a988-3b34a1a786ef,acquittal.kim,available,12.99,23.49,high,low,9,namesilo,,,17/09/2026 02:42
65360bb1-da55-446f-a525-cc70d1d0e821,promptly.kim,available,5.98,32.98,high,low,8,namecheap,,,09/09/2026 08:42
20f32041-fbbf-4866-a288-53e00a994f38,wreck.kim,available,5.98,32.98,high,low,5,namecheap,,,27/09/2026 05:55
07553b7b-c0be-4ef0-9616-292981fa7819,graduating.kim,available,12,,low,low,10,unstoppable,,,28/09/2026 12:36
044c0cbe-8cf0-421b-ab5a-b22ec13d47bd,stair.kim,available,12,,medium,low,5,unstoppable,,,29/09/2026 20:26
ceb759e1-3192-4860-bd40-430d0eb768cf,oven.kim,available,12,,high,low,4,unstoppable,,,28/09/2026 06:32
7cf08e68-a3d5-4522-b179-6bfb2af5b7cf,amends.kim,available,12.99,23.49,high,low,6,namesilo,,,18/09/2026 18:41
915510d7-233f-4b22-b092-5484d2bdee8d,foliose.kim,available,5.98,32.98,medium,low,7,namecheap,,,18/08/2026 10:11
386b0e19-6429-431a-b4a9-4e6fa166c57d,steadily.kim,available,5.98,32.98,medium,low,8,namecheap,,,10/09/2026 19:32
8588e66d-dff9-47d6-98ca-506a5d471d99,taurine.kim,available,5.98,32.98,medium,low,7,namecheap,,,11/09/2026 09:15
e9118386-79eb-40da-b173-fdb8606dc485,urges.kim,available,12.99,23.49,medium,low,5,namesilo,,,16/09/2026 09:15
62f9e34f-de99-4f47-bdcb-bc717d4e6dbb,decomposed.kim,available,12.99,23.49,low,low,10,namesilo,,,02/10/2026 02:50
042758bb-17b0-4eb6-a19d-3fbd9e63d26c,pratt.kim,available,12.99,23.49,high,low,5,namesilo,,,25/09/2026 12:12
1e5b260d-ca53-4e8a-8d84-8c6d8576e293,maitland.kim,available,8.24,19.05,medium,low,8,porkbun,,,28/09/2026 01:57
16e1065d-e5ae-4b07-87b8-96c358e80c9e,knit.kim,available,5.38,18.83,high,low,4,spaceship,,,30/09/2026 02:06
56a51510-0b71-44c8-a3d3-8cb222fbd62e,inherited.kim,available,5.98,32.98,high,low,9,namecheap,,,18/08/2026 21:33
aa16ed54-b3f8-434e-a1c0-9d69024cc99b,jiang.kim,available,12.99,23.49,high,low,5,namesilo,,,27/09/2026 08:14
80c5257d-584c-484a-86b7-308bbb1fba96,toxins.kim,available,5.38,18.83,low,low,6,spaceship,,,30/09/2026 22:52
5ce973df-b2c2-4845-8771-637c2c393a32,verification.kim,available,12,,high,low,12,unstoppable,,,29/09/2026 23:20
9af64566-fa94-4dd2-8647-767ea4edd384,jowett.kim,available,12.99,23.49,medium,low,6,namesilo,,,23/09/2026 08:21
e73e09f2-33fa-4e73-b5b8-ef78393b7e34,enabling.kim,available,5.98,32.98,high,low,8,namecheap,,,16/08/2026 21:07
3886d5af-b479-40be-b97e-b7f7ce90b2bb,nonetheless.kim,available,8.24,19.11,medium,low,11,dynadot,,,29/09/2026 10:11
847b8a7a-b683-42d7-a8c2-f9db21e8137c,interception.kim,available,12.99,23.49,high,low,12,namesilo,,,01/10/2026 13:24
059ada20-9ba1-43e0-b46c-faa6e9242568,notifies.kim,available,5.98,32.98,medium,low,8,namecheap,,,18/09/2026 08:35
e3e0c394-9c56-4105-a600-7510bfa24177,fancy.kim,available,12.99,23.49,high,low,5,namesilo,,,25/09/2026 06:51
e52d6bbf-ff21-4721-ac55-a1af11909786,conceived.kim,available,18.2,18.2,medium,low,9,cloudflare,,,28/09/2026 22:54
f95da697-0581-4104-9783-2911a603f00b,juliet.kim,available,5.98,32.98,high,low,6,namecheap,,,28/09/2026 03:46
e2a347a5-a741-49ae-b945-8d10bd52f560,backpacker.kim,available,12.99,23.49,high,low,10,namesilo,,,21/09/2026 15:44
3badfccb-62a5-402d-984a-59a9c12b5525,christy.kim,available,12,,high,low,7,unstoppable,,,29/09/2026 21:38
508639e8-f0bc-4519-824c-88659ce63532,widely.kim,available,12.99,23.49,medium,low,6,namesilo,,,28/09/2026 16:47
7803c997-aa4e-4010-9825-637135fc7b37,nikos.kim,available,5.38,18.83,high,low,5,spaceship,,,03/10/2026 04:35
1e7c6c21-0c72-4cf1-a035-190e3d10dda5,wrathful.kim,available,5.98,32.98,medium,low,8,namecheap,,,13/09/2026 13:36
7c14db60-eeb9-4efb-b14a-010f917ca952,conner.kim,available,18.2,18.2,medium,low,6,cloudflare,,,02/10/2026 06:52
c21ddd8e-f379-4321-b854-102753a9f5fe,luzon.kim,available,12.99,23.49,high,low,5,namesilo,,,27/09/2026 14:53
4a0fed81-920e-4ddc-9c60-d5b1cb0f33bf,acentric.kim,available,5.98,32.98,medium,low,8,namecheap,,,
72b0cf09-057a-4cfd-a7ef-f8930680587b,abruptly.kim,available,14.99,27.99,medium,low,8,name.com,,,13/08/2026 19:17
08f72675-625f-41a4-bcb9-9b690a2b0747,summary.kim,available,12.99,23.49,high,low,7,namesilo,,,23/09/2026 17:08
2a68a667-0daf-4636-a31b-08461cd68788,manly.kim,available,5.98,32.98,high,low,5,namecheap,,,24/08/2026 14:44
75687f56-d415-41ed-a1e4-6d33920b7a79,aurochs.kim,available,12.99,23.49,medium,low,7,namesilo,,,21/09/2026 04:34
cd63fd2c-9db2-4b9e-a638-518a5d21c3e8,expanded.kim,available,5.98,32.98,high,low,8,namecheap,,,17/08/2026 17:57
789c2baf-cb67-40a6-8370-e9ebb942e18c,hubbard.kim,available,12.99,23.49,high,low,7,namesilo,,,25/09/2026 07:34
db9c7986-accd-4a23-b616-aa2abb6b10bb,petitions.kim,available,5.38,18.83,medium,low,9,spaceship,,,02/10/2026 13:44
a7736d34-cd2a-4070-8b7b-284b15172690,predicates.kim,available,12,,low,low,10,unstoppable,,,30/09/2026 15:08
a6a6c2db-045c-4f4e-b764-5b73c29985ee,animated.kim,available,12.99,23.49,high,low,8,namesilo,,,22/09/2026 05:00
b3087ddc-ae17-4b81-8548-7512122317af,maiden.kim,available,5.98,32.98,high,low,6,namecheap,,,22/08/2026 05:32
5ad093fb-aa43-44ae-9775-877f08410782,arise.kim,available,18.2,18.2,high,low,5,cloudflare,,,28/09/2026 10:48
2f65eaca-4dd3-47d9-a6d8-d8ea2719ebca,wally.kim,available,5.98,32.98,high,low,5,namecheap,,,02/10/2026 06:39
823dce03-a691-4bd6-8010-200bbe65ef03,unsheared.kim,available,5.98,32.98,low,low,9,namecheap,,,12/09/2026 19:44
4dd17a71-56a9-4b2a-b042-898e24790e92,flukey.kim,available,5.98,32.98,medium,low,6,namecheap,,,18/08/2026 09:20
0739eb12-b264-4b93-aa9e-f61520dc1c4d,secondhand.kim,available,8.24,19.11,medium,low,10,dynadot,,,02/10/2026 01:16
d1d3f38d-2b96-4689-b920-b3cc726534b1,respectable.kim,available,12,,high,low,11,unstoppable,,,28/09/2026 11:23
d08c87bb-001c-464a-b85f-8849f4b5a787,repressed.kim,available,5.98,32.98,medium,low,9,namecheap,,,08/09/2026 14:49
f1c76d81-af31-49d1-bfbb-f192af5d3222,alabaman.kim,available,12.99,23.49,medium,low,8,namesilo,,,18/09/2026 01:35
3e818997-9490-49a2-adc8-6d29ce187480,wired.kim,available,12.99,23.49,high,low,5,namesilo,,,27/09/2026 08:11
cf95deb9-8fa6-4a75-9c05-b35437fd3cbe,pepe.kim,available,8.24,19.11,high,low,4,dynadot,,,29/09/2026 21:35
684e8939-cbf9-498a-99fa-17a9385b1671,recycle.kim,available,8.24,19.11,high,low,7,dynadot,,,01/10/2026 04:25
df96bd5e-f473-4fb6-ba1e-edc59e97f9d5,expedite.kim,available,5.98,32.98,high,low,8,namecheap,,,30/09/2026 19:31
80adacbb-a2dc-4e2c-bf20-2a648f035b28,heroine.kim,available,5.38,18.83,high,low,7,spaceship,,,29/09/2026 07:16
f71670c2-53bc-486e-b28a-14c917bcb814,malone.kim,available,12.99,23.49,high,low,6,namesilo,,,25/09/2026 05:13
21ad2da4-7b81-4e96-975b-2b7f771a8c27,asmera.kim,available,12.99,23.49,medium,low,6,namesilo,,,20/09/2026 14:30
236e88b7-8eab-431f-a782-3cfbee563bdd,homebody.kim,available,5.98,32.98,medium,low,8,namecheap,,,10/09/2026 19:28
875ef5eb-ba58-45d5-9904-49330938b467,goldman.kim,available,12.99,23.49,high,low,7,namesilo,,,25/09/2026 05:32
b07555fa-6c4c-4c29-a56a-d237d6f8d461,superstitious.kim,available,18.2,18.2,medium,low,13,cloudflare,,,29/09/2026 14:38
c83def08-31e9-4133-b23b-5d65b0c33346,kgb.kim,available,5.98,32.98,high,low,3,namecheap,,,29/09/2026 10:23
7180574f-526a-4759-8c1f-ce955aa537fe,inconsistent.kim,available,18.2,18.2,medium,low,12,cloudflare,,,01/10/2026 06:14
dfa99ee7-2818-4bdb-9115-4d46be7af524,introspections.kim,available,14.99,,low,low,14,name.com,,,
87d824ce-86fb-4ff0-b1ba-570f600d8b6d,treasure.kim,available,12.99,23.49,high,low,8,namesilo,,,27/09/2026 06:38
da4f2264-3eb5-4883-a8f3-e335f0064326,aural.kim,available,12.99,23.49,high,low,5,namesilo,,,22/09/2026 12:49
8897e9f4-cc45-402b-ac0c-52e515b7a563,stanford.kim,available,5.98,32.98,high,low,8,namecheap,,,28/09/2026 06:08
da54ef7a-a2f7-4cb7-8578-cd7585e2a5d0,slots.kim,available,12.99,23.49,high,low,5,namesilo,,,20/09/2026 10:58
3f6cb888-7e27-4b26-afb9-58eee8ed6109,revere.kim,available,5.38,18.83,high,low,6,spaceship,,,02/10/2026 06:02
56a1e04c-b70a-41a2-8f1b-feeca7709cd4,verbal.kim,available,5.38,18.83,high,low,6,spaceship,,,28/09/2026 10:13
ff91c465-a736-4abf-99c4-2b7f9b2ce535,secular.kim,available,5.98,32.98,medium,low,7,namecheap,,,22/08/2026 18:49
6ba6892c-7e28-4d22-91ed-87576978a270,outmost.kim,available,5.98,32.98,medium,low,7,namecheap,,,04/09/2026 19:19
33502936-c7d8-406a-9979-36812a9b0b74,cabinet.kim,available,12.99,23.49,high,low,7,namesilo,,,24/09/2026 11:32
d1315a5c-b5f5-4df6-bc86-e5a11018b306,lavish.kim,available,5.98,32.98,high,low,6,namecheap,,,22/08/2026 21:07
8d6d9c82-c929-494f-b583-52441fba3d40,amritsar.kim,available,12,,medium,low,8,unstoppable,,,02/10/2026 20:21
f04afd7b-a4ee-45d9-a06e-37b723034965,pact.kim,available,18.2,18.2,high,low,4,cloudflare,,,28/09/2026 06:32
36e51a3c-0924-4db4-89c1-84da5cd3a859,stoneless.kim,available,5.98,32.98,low,low,9,namecheap,,,10/09/2026 21:12
2e1e405d-8c78-4c10-97a0-3110476a6427,thornton.kim,available,12.99,23.49,high,low,8,namesilo,,,25/09/2026 10:54
f5da2f1f-1f8e-4a5e-8697-7bbc3b8f76fc,bus.kim,available,5.38,18.83,high,low,3,spaceship,,,28/09/2026 23:27
edddfb15-31ec-4949-ab1e-1e347615e733,indanger.kim,available,14.99,,medium,low,9,name.com,,,
58d11c2c-f3c8-4c55-b0af-1ff1a2dc24be,savory.kim,available,5.98,32.98,high,low,6,namecheap,,,25/08/2026 08:48
8e912916-041f-49c3-8ee7-4dcaaf212705,risque.kim,available,5.98,32.98,medium,low,6,namecheap,,,18/08/2026 20:02
44bb5bd1-446f-4f43-b842-2aad57f99f4d,purchase.kim,available,18.2,18.2,high,low,8,cloudflare,,,29/09/2026 05:36
73f7da3d-2718-4c08-9e43-05b652e3eb61,contractions.kim,available,5.38,18.83,medium,low,12,spaceship,,,01/10/2026 16:01
dcf3cdce-3d21-4144-a105-238d52a044a0,burry.kim,available,5.98,32.98,medium,low,5,namecheap,,,08/08/2026 17:29
487846d7-5f76-4635-90e6-3bc0096e9cde,adaptor.kim,available,12.99,23.49,high,low,7,namesilo,,,17/09/2026 06:32
ef7155ee-3411-4dc7-8547-5bd5a72b285b,provocation.kim,available,12,,medium,low,11,unstoppable,,,02/10/2026 11:48
0708987d-fdc6-49e4-9348-a2dac6ffdd01,utilizing.kim,available,12.99,23.49,medium,low,9,namesilo,,,01/10/2026 17:30
2e1d9e63-91e6-41f9-a51d-772c2abfc47f,bombing.kim,available,5.38,18.83,medium,low,7,spaceship,,,27/09/2026 11:45
f58c2672-39cc-407e-94a7-58e6f41ba2d7,rotating.kim,available,18.2,18.2,high,low,8,cloudflare,,,29/09/2026 16:17
ae5bbeb6-22de-44bc-a997-4e8a923c1346,savagery.kim,available,5.98,32.98,medium,low,8,namecheap,,,22/09/2026 04:29
89a02aea-441b-4c6c-abf2-6ea788cb3e55,razorback.kim,available,5.98,32.98,high,low,9,namecheap,,,09/09/2026 10:48
45560b0d-f708-4ae9-adda-10524492b1fe,abrupt.kim,available,5.98,32.98,high,low,6,namecheap,,,
176aaaf6-e160-4dbf-bd77-d7464a680574,excluded.kim,available,18.2,18.2,low,low,8,cloudflare,,,30/09/2026 06:16
0a8c440a-3f21-41ed-ae54-a9819825604a,macros.kim,available,12.99,23.49,medium,low,6,namesilo,,,02/10/2026 03:27
944d37af-51b4-4438-b17f-237f805145f7,devil.kim,available,12.99,23.49,medium,low,5,namesilo,,,23/09/2026 01:20
486676c0-be23-4857-822b-311ea5b18ac7,dias.kim,available,5.98,32.98,high,low,4,namecheap,,,22/09/2026 09:17
88506ecb-3da2-4a68-8294-a4500088269a,hatching.kim,available,18.2,18.2,high,low,8,cloudflare,,,01/10/2026 01:37
c4639d7f-4f57-409f-ba1a-b588b3adab3d,forbidden.kim,available,5.98,32.98,medium,low,9,namecheap,,,18/08/2026 10:59
a1b7f854-ed9a-4a14-b35b-b10cdff54817,corked.kim,available,5.98,32.98,medium,low,6,namecheap,,,13/08/2026 01:20
7e51e9b3-591e-4c41-9599-92a854f5335f,profits.kim,available,12,,high,low,7,unstoppable,,,28/09/2026 05:34
54257b09-f27b-41c1-97bf-0965e5103c4a,gregor.kim,available,5.38,18.83,high,low,6,spaceship,,,02/10/2026 13:16
866975d2-bce8-4a30-9452-c36e3b6aaf72,leprous.kim,available,5.98,32.98,medium,low,7,namecheap,,,23/08/2026 00:12
c128a690-9705-4725-bd6f-73e813f0c5d7,unisex.kim,available,5.98,32.98,high,low,6,namecheap,,,12/09/2026 13:52
9ce15397-c542-435e-b6e6-540c518db1a3,yamamoto.kim,available,8.24,19.11,medium,low,8,dynadot,,,28/09/2026 19:31
c0964484-d1b8-4534-8705-2ecca1583f1e,aperiodic.kim,available,5.98,32.98,medium,low,9,namecheap,,,05/08/2026 22:30
601e69ee-feed-49a7-b353-9b1d2a366889,harmonica.kim,available,12.99,23.49,high,low,9,namesilo,,,01/10/2026 02:25
2fe8a083-8e91-433b-8a1e-974c55a1eace,manque.kim,available,5.98,32.98,medium,low,6,namecheap,,,24/08/2026 15:28
209e1a59-a3a9-48bc-b856-b5566c67ec02,arroyo.kim,available,12.99,23.49,medium,low,6,namesilo,,,20/09/2026 09:33
d2d59948-3d40-4a50-8910-b6ce60d20708,oft.kim,available,5.98,32.98,high,low,3,namecheap,,,14/09/2026 20:06
fc39bbd3-4539-45dd-8010-f29daddc8fb8,forster.kim,available,5.98,32.98,medium,low,7,namecheap,,,26/09/2026 03:41
f393526f-32d5-4f88-839c-df974c741668,few.kim,available,5.98,32.98,high,low,3,namecheap,,,24/09/2026 17:38
f969db9f-4eeb-47c2-9e06-89b92e99c513,extraction.kim,available,5.38,18.83,high,low,10,spaceship,,,29/09/2026 06:50
b5c62ee1-97ed-43bb-9226-5fe46d0a1b11,plodder.kim,available,5.98,32.98,medium,low,7,namecheap,,,10/09/2026 20:23
74371551-bc7b-4dfd-8630-97c251baf1c0,bless.kim,available,12.99,23.49,high,low,5,namesilo,,,30/09/2026 15:45
2885604c-4395-48e7-a49d-4e20a78f2c80,durable.kim,available,12.99,23.49,high,low,7,namesilo,,,24/09/2026 12:29
cb4d3546-1e51-42dd-9d13-d4cfe1905450,biggish.kim,available,5.98,32.98,medium,low,7,namecheap,,,09/08/2026 20:33
ff434f1a-9074-47bb-beba-6d7418c00a2e,hewett.kim,available,5.98,32.98,medium,low,6,namecheap,,,02/10/2026 09:45
822df014-19e6-471c-b8ce-4acc730b52f1,attributions.kim,available,18.2,18.2,medium,low,12,cloudflare,,,01/10/2026 17:31
cea4199d-ab2f-41bf-8bd9-c2b0a37dbbed,astutely.kim,available,5.98,32.98,medium,low,8,namecheap,,,13/09/2026 22:20
5b4be6ea-e33d-4c14-9b8a-23b1e9836be2,pare.kim,available,5.98,32.98,high,low,4,namecheap,,,11/09/2026 20:00
6ab1cd57-9656-40e9-8f18-faa42499e237,ongoing.kim,available,5.98,32.98,high,low,7,namecheap,,,04/09/2026 13:59
547895da-7f11-4194-b835-ce979db1f466,backslash.kim,available,12.99,23.49,high,low,9,namesilo,,,01/10/2026 00:11
65e33234-25ab-4291-b32b-a0fcc323e7e4,descend.kim,available,12,,high,low,7,unstoppable,,,30/09/2026 17:09
3d4a8b6e-3846-4871-ad4a-eda92c76a5cf,outwear.kim,available,5.98,32.98,medium,low,7,namecheap,,,13/09/2026 09:15
d511f6ec-7a51-4be2-8de3-429e82e11106,regeneration.kim,available,12.99,23.49,high,low,12,namesilo,,,29/09/2026 22:53
4fb0ebc5-be53-4839-b2c7-abd3a065eb30,briggs.kim,available,12.99,23.49,high,low,6,namesilo,,,25/09/2026 15:50
21f8a064-2ccd-4efa-a57d-24dcfbb4d9ce,conway.kim,available,5.98,32.98,high,low,6,namecheap,,,25/09/2026 21:36
70b162d0-aa64-407f-8cd9-46205ee9995d,assists.kim,available,5.38,18.83,medium,low,7,spaceship,,,02/10/2026 22:45
1909370e-d0aa-4cfe-9e94-ae02dab3eeb6,scrawny.kim,available,5.98,32.98,medium,low,7,namecheap,,,09/09/2026 23:42
2020a9bf-1b75-4a91-ab4b-fdb30ba71620,feeler.kim,available,12.99,23.49,medium,low,6,namesilo,,,22/09/2026 04:48
9b7fadd5-49f4-4ca0-ac79-c474cb2b4cd8,monthly.kim,available,14.99,27.99,high,low,7,name.com,,,25/09/2026 21:36
c20681c2-fcca-4a02-b7fa-5bd763ba9da7,sticky.kim,available,5.98,32.98,high,low,6,namecheap,,,16/08/2026 07:55
544a55b8-fe70-485e-87ab-6a3ef08abc48,owns.kim,available,12.99,23.49,medium,low,4,namesilo,,,18/09/2026 16:37
92bfe4e3-54b6-402a-9a5e-4edf99547f5f,breakthrough.kim,available,5.38,18.83,high,low,12,spaceship,,,28/09/2026 07:10
4b33c84e-c14d-4d07-b947-72c9328fcb6b,zig.kim,available,5.98,32.98,high,low,3,namecheap,,,13/09/2026 15:15
8f8c4c81-fe37-4c7c-890b-756c0a6ffc5b,crossroads.kim,available,18.2,18.2,high,low,10,cloudflare,,,29/09/2026 12:04
872f609a-9409-4f64-bc3b-4418e98d3add,prep.kim,available,9.99,35.99,high,low,4,godaddy,,,28/09/2026 02:07
a740b586-36db-40f8-8143-22ae223a1129,floats.kim,available,12.99,23.49,medium,low,6,namesilo,,,29/09/2026 23:46
b76e7813-1bb3-4198-8e13-57605211304f,learning.kim,available,8.24,19.05,high,low,8,porkbun,,,02/10/2026 08:16
add46df3-d76e-4b3a-b262-00a1573e7074,buffet.kim,available,12.99,23.49,high,low,6,namesilo,,,19/09/2026 17:05
4dec632a-7adb-4d53-ad0a-a22055cc1340,tatar.kim,available,18.2,18.2,high,low,5,cloudflare,,,29/09/2026 01:41
e1547f2f-b084-41a5-bda3-a181c5a3c371,resorts.kim,available,12.99,23.49,medium,low,7,namesilo,,,02/10/2026 03:30
0587e23f-0aec-4252-8a2f-209419560b3e,squadron.kim,available,12,,high,low,8,unstoppable,,,29/09/2026 08:06
f08dda46-dd50-46b5-9f33-fe37edb799bd,coral.kim,available,12.99,23.49,high,low,5,namesilo,,,23/09/2026 23:19
ce715218-95bc-4165-9322-63f51c8d674e,pigheaded.kim,available,5.98,32.98,medium,low,9,namecheap,,,11/08/2026 08:32
a7d603e3-6abf-4bda-bb40-429e4dca2ca4,icebound.kim,available,5.98,32.98,medium,low,8,namecheap,,,21/08/2026 17:43
22f0622e-5671-49e5-a621-81f9d66082fc,inside.kim,available,12.99,23.49,high,low,6,namesilo,,,25/09/2026 09:46
0bc5608d-d148-455e-bd35-bbed7a758fc8,differential.kim,available,5.38,18.83,high,low,12,spaceship,,,29/09/2026 21:05
510e2d00-dc59-4411-95a9-57b914a0cba0,merciful.kim,available,5.98,32.98,high,low,8,namecheap,,,24/08/2026 20:34
2ed0dbc2-0b12-4baa-981f-2420709bac31,operation.kim,available,8.24,19.05,high,low,9,porkbun,,,02/10/2026 02:53
0b6cb2ff-01ef-47a0-8f55-cb53747bd80e,jelly.kim,available,5.98,32.98,high,low,5,namecheap,,,30/09/2026 00:47
80d2173c-78c9-4187-8ba3-b7f0b96b9e77,paragraph.kim,available,12.99,23.49,high,low,9,namesilo,,,28/09/2026 15:02
f1c16727-beb6-44ec-b32c-94abb6ab9997,knocking.kim,available,5.98,32.98,high,low,8,namecheap,,,25/09/2026 08:51
b6ff40f5-5a32-4aa1-a877-bc06f7a24b27,commendable.kim,available,12.99,23.49,high,low,11,namesilo,,,03/10/2026 03:05
c832ef90-fef3-4e9a-b87f-a67fb703d260,beaten.kim,available,5.98,32.98,medium,low,6,namecheap,,,09/08/2026 05:47
a3d32f75-2fdd-4c38-ae17-f96f03576aaf,namely.kim,available,12.99,23.49,medium,low,6,namesilo,,,28/09/2026 16:21
620c73de-72bd-4f7b-b435-dd2c88bb4c8b,textured.kim,available,5.98,32.98,medium,low,8,namecheap,,,12/08/2026 14:07
bfe815c4-5208-4bc0-9008-20013e9dcaaf,flowed.kim,available,8.24,19.11,medium,low,6,dynadot,,,02/10/2026 02:35
6b764cdb-e137-4b3a-a900-5d45ab6b1d2e,strains.kim,available,12.99,23.49,medium,low,7,namesilo,,,30/09/2026 07:15
e634aaa0-1f20-4e25-971f-f6f1437e24d1,tube.kim,available,12.99,23.49,high,low,4,namesilo,,,25/09/2026 22:34
3913608a-72cc-460c-977d-ebe66658a2cc,clearfield.kim,available,12.99,23.49,high,low,10,namesilo,,,02/10/2026 10:42
5ebd6a94-5bcd-4a7c-a9df-a92b5020ec76,cave.kim,available,12.99,23.49,high,low,4,namesilo,,,24/09/2026 13:21
56a2b4f1-df68-432f-af40-91a52168a58e,damned.kim,available,12.99,23.49,medium,low,6,namesilo,,,22/09/2026 21:41
96e34db6-af83-41ef-b298-8ae49d307c24,unconfined.kim,available,5.98,32.98,medium,low,10,namecheap,,,12/09/2026 06:03
1dbd5a40-9ea1-4444-8c22-f35643edcab9,hypo.kim,available,5.98,32.98,high,low,4,namecheap,,,21/08/2026 17:15
b5aebe8d-93d1-4019-a320-8ca5d78c9a98,deferent.kim,available,5.98,32.98,medium,low,8,namecheap,,,13/08/2026 23:17
d2505332-444f-453c-91e8-04cee8cee505,extermination.kim,available,12,,medium,low,13,unstoppable,,,29/09/2026 23:26
af091c5e-4e0a-4b87-91a0-7a2038d887aa,billboard.kim,available,12.99,23.49,high,low,9,namesilo,,,29/09/2026 02:43
9d02ee08-9197-4cc3-bfaf-ac3a30ff2eb5,tastily.kim,available,12.99,23.49,medium,low,7,namesilo,,,16/09/2026 08:03
8626175b-1aee-4a2d-b3d6-d0992736aa49,investment.kim,available,8.24,19.05,high,low,10,porkbun,,,02/10/2026 08:11
a38cb828-8389-4c91-b555-c339a9cec998,apron.kim,available,12.99,23.49,high,low,5,namesilo,,,19/09/2026 22:32
cdfa45b6-41fd-4f9a-9f9a-6f4008a00cf5,crowley.kim,available,12.99,23.49,medium,low,7,namesilo,,,27/09/2026 01:51
4ee54e4b-a7f7-446d-acb3-b984e7a8ccce,calender.kim,available,5.38,18.83,medium,low,8,spaceship,,,29/09/2026 05:50
6f54af7b-2709-4b02-bc13-c6d8279a9d74,youngest.kim,available,5.98,32.98,high,low,8,namecheap,,,01/10/2026 19:56
964c1760-1d00-4625-acdb-090331ba13ba,commissioner.kim,available,18.2,18.2,high,low,12,cloudflare,,,27/09/2026 17:50
385a4455-d75a-4722-8cb4-21230b0a6f96,lemony.kim,available,5.98,32.98,high,low,6,namecheap,,,22/08/2026 23:24
31d6ab08-100b-445e-9786-98e5ccd5c5a7,proportion.kim,available,5.98,32.98,high,low,10,namecheap,,,30/09/2026 07:43
bcf91de7-9905-4834-815e-a7ff6c5c90af,pasted.kim,available,5.98,32.98,high,low,6,namecheap,,,20/08/2026 15:14
0d657271-c973-4bef-8ad6-9ac7583c0117,dread.kim,available,5.98,32.98,high,low,5,namecheap,,,14/08/2026 18:38
a92a99df-79de-4a78-9bae-571f7c117327,alprazolam.kim,available,12.99,23.49,medium,low,10,namesilo,,,18/09/2026 14:08
6475761d-9fe7-4587-bb39-712bbcd0d1bc,kossuth.kim,available,12.99,23.49,medium,low,7,namesilo,,,02/10/2026 07:58
f52cd375-699b-4a7c-880f-2275a02fcc8e,kleist.kim,available,12.99,23.49,medium,low,6,namesilo,,,23/09/2026 09:54
fe9f8162-572d-44fe-a327-2e3ff0aee8f5,copperhead.kim,available,5.98,32.98,medium,low,10,namecheap,,,17/09/2026 18:16
ed295112-154e-4b11-9c23-fd8738062944,collections.kim,available,12.99,23.49,medium,low,11,namesilo,,,17/09/2026 22:06
3923f338-80a2-4040-8c9a-780a0fb54e3b,churl.kim,available,5.98,32.98,medium,low,5,namecheap,,,13/08/2026 05:00
0022e3fd-dfea-46d6-8071-510ed2c75890,darfur.kim,available,9.99,35.99,medium,low,6,godaddy,,,30/09/2026 01:45
62c135a7-5313-41d4-b28f-91481b9e34cd,lore.kim,available,5.38,18.83,high,medium,4,spaceship,,,02/10/2026 16:02
f6d78df3-6378-428a-a3fd-f05834039b57,prow.kim,available,5.98,32.98,medium,low,4,namecheap,,,18/08/2026 11:28
85ab1dc0-a2fa-4d48-bff2-b91e850ee9e1,doughy.kim,available,5.98,32.98,medium,low,6,namecheap,,,14/08/2026 17:03
63aea1a4-1d67-4189-bd78-baa0b163b35c,himalaya.kim,available,18.2,18.2,high,low,8,cloudflare,,,01/10/2026 02:35
ef989e33-02ed-4b02-945c-606d93ded6fa,joan.kim,premium,78.54,78.54,high,low,4,namesilo,,,25/09/2026 11:39
47d009c4-8516-4410-b71a-e88e61486797,bionics.kim,available,5.98,32.98,high,low,7,namecheap,,,23/09/2026 18:40
cc202379-ca41-4995-8f93-d2c3e061335c,belladonna.kim,available,5.98,32.98,medium,low,10,namecheap,,,21/09/2026 00:55
b5aa4719-2445-429b-b974-ccb107a4e29f,nelly.kim,available,8.24,19.05,high,low,5,porkbun,,,02/10/2026 17:33
71340b8f-a541-4612-b88f-83c23ded6d06,butter.kim,available,5.38,18.83,high,low,6,spaceship,,,29/09/2026 05:32
d1c86bc3-7f6e-451d-8a7c-e95f541cc00d,beaumont.kim,available,12.99,23.49,high,low,8,namesilo,,,22/09/2026 22:14
93846a03-0fba-41e8-a0fc-c3e44bdf4b58,working.kim,available,5.98,32.98,high,low,7,namecheap,,,19/09/2026 07:09
352e9319-45f7-430e-98e2-240575118366,stir.kim,available,12.99,23.49,high,low,4,namesilo,,,17/09/2026 09:23
1c39c79d-9e48-4e81-90fd-2b8fabe5c193,burnley.kim,available,5.98,32.98,medium,low,7,namecheap,,,29/09/2026 15:51
5736273f-c115-4b65-8fa2-3052967eab8b,teachers.kim,available,5.98,32.98,high,low,8,namecheap,,,18/09/2026 18:31
42efdd36-83b3-4f9c-a98b-a102e9573e96,pretext.kim,available,8.24,19.11,high,low,7,dynadot,,,30/09/2026 01:48
202c7867-756a-471b-b95c-67a68f8e2650,producers.kim,premium,242,242,medium,low,9,namesilo,,,28/09/2026 23:09
c7bee2d7-be48-4f26-9007-6e6d201bfda9,snowdrop.kim,available,5.98,32.98,high,low,8,namecheap,,,19/09/2026 05:27
d813156a-de5e-4648-a29b-9dbc5357bb6b,acupuncture.kim,premium,1100,1100,high,low,11,dynadot,,,02/10/2026 17:27
73aa96a1-958b-4627-98ee-34ef2f67e753,ashur.kim,available,12.99,23.49,medium,low,5,namesilo,,,20/09/2026 13:50
e02c2ff4-8f42-4527-9159-b159d445332f,sabin.kim,available,5.98,32.98,medium,low,5,namecheap,,,18/09/2026 02:37
bd47e9e4-8673-48b4-abc7-fb56ab1c285a,enlightenment.kim,available,14.99,,high,low,13,name.com,,,
89326476-b314-4367-8ea6-7ec4434dfefd,genitive.kim,available,5.98,32.98,medium,low,8,namecheap,,,18/08/2026 21:46
2b75df9e-d20a-4cec-be63-be4d504b7cbf,vow.kim,available,8.24,19.05,high,low,3,porkbun,,,28/09/2026 11:05
fbc0e778-b781-4a4d-bbb8-0497c0bd9e54,reject.kim,available,5.98,32.98,high,low,6,namecheap,,,24/09/2026 20:15
62b68177-b54f-4314-b84b-8b411da4da8b,witches.kim,available,12.99,23.49,medium,low,7,namesilo,,,27/09/2026 11:53
f161f04e-e960-4de1-bf38-f1ad4a504b41,mohan.kim,available,5.38,18.83,medium,low,5,spaceship,,,28/09/2026 21:37
77f8ec08-28bf-459f-b142-d326f6804052,paired.kim,available,5.98,32.98,high,low,6,namecheap,,,04/09/2026 23:11
47fae122-c430-439a-9e6a-8f18a9a52d14,vaux.kim,available,12.99,23.49,high,low,4,namesilo,,,01/10/2026 01:15
94079595-330b-4913-9bbf-b2c3d88222ec,servicemen.kim,available,12,,medium,low,10,unstoppable,,,02/10/2026 12:09
7c30f731-56ef-4faa-9fcd-c5afaacb428a,torpedo.kim,available,12.99,23.49,high,low,7,namesilo,,,28/09/2026 05:28
a59f54bd-6f5f-45ce-aea9-bae16bc6b341,horses.kim,available,14.99,27.99,medium,low,6,name.com,,,17/09/2026 09:06
a39c8965-70b2-46b4-ab1c-c67cbf9f0684,tattler.kim,available,5.98,32.98,medium,low,7,namecheap,,,11/09/2026 10:30
dcbe1ce0-453f-411b-b673-ff01ec1cb59b,fifth.kim,available,5.98,32.98,high,low,5,namecheap,,,
9494110f-56d5-4ca9-a467-5631c2fd3683,resignation.kim,available,5.38,18.83,high,low,11,spaceship,,,02/10/2026 16:46
3421d058-a87f-4d38-b65d-b230d88294db,hubei.kim,available,12.99,23.49,medium,low,5,namesilo,,,30/09/2026 13:23
a46b6c68-ed72-4ddd-b741-ba8ad81de757,vilnius.kim,available,5.98,32.98,medium,low,7,namecheap,,,28/09/2026 18:34
7e37ef78-8af9-446e-8de3-0ad661c05f53,hushed.kim,available,5.98,32.98,medium,low,6,namecheap,,,21/08/2026 15:54
9fff8c87-9f69-4b34-8df8-c8b0891ff179,luftwaffe.kim,available,5.38,18.83,medium,low,9,spaceship,,,28/09/2026 09:53
65c6c9d1-b601-4a03-9466-62ec59bb1227,usefully.kim,available,12.99,23.49,medium,low,8,namesilo,,,16/09/2026 10:28
b786cb0d-4d28-4882-bfab-184b6ea96785,tropically.kim,available,12.99,23.49,medium,low,10,namesilo,,,16/09/2026 09:33
daf97892-d96e-464a-9271-9c11d804ec19,abm.kim,available,12.99,23.49,high,low,3,namesilo,,,16/09/2026 16:15
68090a97-1ab4-4479-96d1-3599aa517607,chartres.kim,available,5.38,18.83,medium,low,8,spaceship,,,29/09/2026 11:53
79387a21-390b-49a7-8b80-6add31e7eb68,abusing.kim,available,5.38,18.83,low,low,7,spaceship,,,02/10/2026 01:37
6e68e784-6582-4341-bb14-df7145e0d691,sleety.kim,available,5.98,32.98,medium,low,6,namecheap,,,10/09/2026 10:41
38cd14d0-e8bc-4dcf-a232-ce4857a27f2c,doctorate.kim,available,5.38,18.83,high,low,9,spaceship,,,30/09/2026 17:00
4b776743-602a-41e2-9e00-6d5f362a12e1,beatitude.kim,available,5.98,32.98,high,low,9,namecheap,,,22/09/2026 21:40
e7ada6d2-3760-4be2-8ac7-b6a7c7c74b90,meister.kim,available,18.2,18.2,high,low,7,cloudflare,,,30/09/2026 19:33
656e6ada-4f70-4ad4-b98f-5a3746f81f81,crumbs.kim,available,18.2,18.2,high,low,6,cloudflare,,,02/10/2026 17:51
c676cbfb-0cc8-44e1-9695-06b7f896ba42,oldenburg.kim,available,5.38,18.83,high,low,9,spaceship,,,29/09/2026 06:22
864e0560-09ae-4207-9ab8-ccdb9e56fe98,rogue.kim,available,9.99,35.99,high,low,5,godaddy,,,30/09/2026 01:40
8d3cee94-c52a-4ecf-b50e-a9454af38f67,warrenton.kim,available,18.2,18.2,medium,low,9,cloudflare,,,02/10/2026 18:56
7c6586a4-17b4-4603-9b75-fac1c396ffe6,recommends.kim,available,12,,medium,low,10,unstoppable,,,02/10/2026 03:44
192dabd3-fcda-4fac-8cf6-5b6edca9ce79,rationally.kim,available,5.98,32.98,medium,low,10,namecheap,,,15/09/2026 22:39
08ab5277-ce6b-4972-a2db-454679ef75ce,cecily.kim,available,18.2,18.2,high,low,6,cloudflare,,,02/10/2026 19:48
77dc1d6f-e10e-4413-bb2a-c080b18e912b,estates.kim,available,5.98,32.98,medium,low,7,namecheap,,,18/09/2026 06:36
2490ec0f-a8cb-44e0-a6d1-c975ba442612,wives.kim,available,14.99,,high,low,5,name.com,,,
969b4c7b-840c-4df0-a064-072a97c2e36d,expecting.kim,available,5.98,32.98,high,low,9,namecheap,,,01/10/2026 18:13
02c03d8e-6450-4399-97d6-26924822a49d,streaked.kim,available,5.98,32.98,medium,low,8,namecheap,,,10/09/2026 22:16
c3be179e-ce70-4581-a1d3-f6de5b112cf1,gypsy.kim,available,5.98,32.98,high,low,5,namecheap,,,10/08/2026 17:21
d397c865-8340-4437-a19c-7510d33245a1,cleave.kim,available,5.98,32.98,medium,low,6,namecheap,,,24/09/2026 15:43
a733e403-b94f-4041-8b76-aa6ce33cbb0f,disillusioned.kim,available,18.2,18.2,medium,low,13,cloudflare,,,02/10/2026 07:38
4e81f869-0782-46d1-82ce-60b503664a8a,distrust.kim,available,12.99,23.49,high,low,8,namesilo,,,24/09/2026 23:13
bc46d3a1-0e65-455b-9cca-1936dcac9ba2,avaram.kim,available,12.99,23.49,medium,low,6,namesilo,,,21/09/2026 08:40
7434c2d6-8fdc-4a10-8142-1eb57c12c2f3,stoic.kim,available,5.98,32.98,high,low,5,namecheap,,,10/09/2026 20:57
ee301723-bd9e-47e3-a21e-3b05cf798a82,bonefish.kim,available,12.99,23.49,high,low,8,namesilo,,,18/09/2026 03:25
0e45d60a-a171-44d8-bb9b-afdbf5f105b3,blate.kim,available,5.98,32.98,medium,low,5,namecheap,,,10/08/2026 13:35
a40507e9-0055-488e-afbc-990f3f4996cd,atopy.kim,available,12.99,23.49,medium,low,5,namesilo,,,21/09/2026 00:33
c891f25a-4522-4aa9-af7c-43f94b5c43e4,smoker.kim,available,8.24,19.05,medium,low,6,porkbun,,,30/09/2026 02:54
1393d0cb-dae4-4548-956d-0419491750d2,gabrielle.kim,available,12,,high,low,9,unstoppable,,,28/09/2026 21:50
f927e263-68b6-4f92-adc0-2c81de648a2f,centerpiece.kim,available,12.99,23.49,high,low,11,namesilo,,,01/10/2026 06:15
78dec595-8a4b-4fac-91a7-601bc7d31efd,uml.kim,available,5.38,18.83,high,low,3,spaceship,,,02/10/2026 13:27
d90ec3f8-f15d-457b-8605-c15344216fcc,controversy.kim,available,18.2,18.2,medium,low,11,cloudflare,,,29/09/2026 10:11
6d3dc8fb-0956-4b3b-9db5-06cb8456b436,herbaceous.kim,available,5.98,32.98,medium,low,10,namecheap,,,21/08/2026 06:56
e2dfe940-f173-4ef4-9824-9845acae4794,positively.kim,available,5.98,32.98,high,low,10,namecheap,,,15/09/2026 21:03
4a4c4557-c405-4e87-a167-23c4ffdadb37,whilst.kim,available,12.99,23.49,medium,low,6,namesilo,,,01/10/2026 02:11
f7058583-4d3f-4528-8a7f-3b9f1d31b022,automat.kim,available,5.98,32.98,high,low,7,namecheap,,,21/09/2026 06:52
a56c08ea-7faa-470f-9b46-02d0bfbe8003,ahmed.kim,available,12.99,23.49,high,low,5,namesilo,,,25/09/2026 14:32
5ae10a67-d3fd-4d97-843d-c0c7cb59aa99,sundays.kim,available,12.99,23.49,high,low,7,namesilo,,,18/09/2026 10:50
8adbde75-0270-44cc-bead-d67b61a88745,canton.kim,available,12.99,23.49,high,low,6,namesilo,,,23/09/2026 16:10
ac0d113c-55ea-4ac4-8f0c-ca82ff032565,propane.kim,available,12,,high,low,7,unstoppable,,,01/10/2026 21:22
6bbc099f-afc1-443b-9a4f-cca835fb020b,bail.kim,available,5.98,32.98,high,low,4,namecheap,,,21/09/2026 18:59
715f2e46-8843-4267-abbb-0442351dd414,troy.kim,available,5.98,32.98,high,low,4,namecheap,,,29/09/2026 19:15
0b739fb4-6f0f-4c58-b725-c53bd556daf0,purposely.kim,available,5.98,32.98,medium,low,9,namecheap,,,13/09/2026 17:36
fbaceddf-dc4b-497f-a45e-ed0cc040b5d3,unionized.kim,available,5.98,32.98,medium,low,9,namecheap,,,03/09/2026 19:29
41849303-9bbd-4d11-9a9f-28715d86f1b1,bureaucracy.kim,available,12.99,23.49,high,low,11,namesilo,,,01/10/2026 13:02
fce56242-1cf2-44d8-b662-6ae2bcc6983f,venus.kim,available,8.24,19.05,high,low,5,porkbun,,,28/09/2026 14:17
0191810c-2e3c-4d67-92fe-d135e942cdc8,kowalski.kim,available,12.99,23.49,high,low,8,namesilo,,,02/10/2026 12:31
f293785c-9ecf-4826-8f7f-ed41c8613a41,bather.kim,available,12.99,23.49,medium,low,6,namesilo,,,22/09/2026 13:31
3a482208-d33a-4ab5-88e9-801f9c4b88b2,pti.kim,available,12,,high,low,3,unstoppable,,,03/10/2026 04:03
d7d4a1ac-e2fb-46db-a6ed-a293d619ed77,euphonious.kim,available,5.98,32.98,medium,low,10,namecheap,,,17/08/2026 14:17
92d02a31-dab2-436e-986f-a7fd24ef679f,applause.kim,available,5.98,32.98,high,low,8,namecheap,,,19/09/2026 20:55
5955d47e-df8e-492d-8200-b75900c13f82,installing.kim,available,5.38,18.83,high,low,10,spaceship,,,30/09/2026 02:00
da3a1e44-a455-4e62-8e44-f724323ef812,additional.kim,available,12.99,23.49,high,low,10,namesilo,,,21/09/2026 17:14
1cf07dda-94a0-44cd-8576-3638788ff312,insurable.kim,available,5.98,32.98,high,low,9,namecheap,,,22/08/2026 07:40
067308f3-b5c2-4e6d-bd27-ff2edcda9abe,spout.kim,available,5.38,18.83,high,low,5,spaceship,,,03/10/2026 01:05
7da99779-1a20-49b9-b92a-99427012ed9a,attends.kim,available,12.99,23.49,medium,low,7,namesilo,,,17/09/2026 22:27
98c74e49-e02b-4683-bcc2-eb57481553be,exhaustion.kim,available,18.2,18.2,medium,low,10,cloudflare,,,29/09/2026 13:24
e4f24f40-59e1-4320-a7b0-6c18d78984db,aplite.kim,available,12.99,23.49,medium,low,6,namesilo,,,19/09/2026 17:42
14bdc19c-51c8-4027-b84b-0a5bf2daba65,alb.kim,available,12.99,23.49,high,low,3,namesilo,,,18/09/2026 02:20
4181c8d4-a598-4bc0-b308-7172b3ae37e6,jump.kim,available,12.99,23.49,high,low,4,namesilo,,,22/09/2026 02:34
b8992e60-45e6-4091-b040-71b38c5034e0,schoolteacher.kim,available,8.24,19.11,medium,low,13,dynadot,,,02/10/2026 18:19
ed0641d1-8e6b-4e8f-ae95-6760d50cd225,bigamy.kim,available,12.99,23.49,medium,low,6,namesilo,,,23/09/2026 15:03
323991e5-21a4-42c9-a6d7-e25751d06206,randal.kim,available,18.2,18.2,high,low,6,cloudflare,,,02/10/2026 19:58
c20bb596-7a64-4b87-89f6-3ef4ad2ee0e3,articulate.kim,available,12.99,23.49,high,low,10,namesilo,,,22/09/2026 08:42
0a1c0a09-1cd5-44ba-a82f-4938466e86a7,bergamot.kim,available,5.98,32.98,high,low,8,namecheap,,,23/09/2026 09:18
7d4dca7d-700b-42c8-a0d5-2ad26c9c97ab,materialism.kim,available,5.38,18.83,high,low,11,spaceship,,,02/10/2026 11:44
dc3df32b-73c8-4131-b631-a3eabcca03e0,alastair.kim,available,5.38,18.83,high,low,8,spaceship,,,01/10/2026 08:31
4d2dd160-4e28-486c-a861-93611f680886,expendable.kim,available,5.98,32.98,high,low,10,namecheap,,,17/08/2026 18:08
fb2005a0-6920-4aab-a787-996bdb7b7513,appease.kim,available,5.98,32.98,high,low,7,namecheap,,,18/08/2026 22:08
cd9c523a-c7bf-4c65-84b7-fca80cf32d23,walters.kim,available,12.99,23.49,high,low,7,namesilo,,,25/09/2026 15:56
9c9ee510-7519-44f6-874a-b48a5b5f2615,diverting.kim,available,5.98,32.98,medium,low,9,namecheap,,,
ac4d9f13-61ba-40ab-b4e2-4a5c9f82983e,mysterious.kim,available,12.99,23.49,high,low,10,namesilo,,,24/09/2026 03:42
7be42d9e-10d6-472d-8e4d-cf94c8eb8049,beatrice.kim,available,12.99,23.49,high,low,8,namesilo,,,22/09/2026 21:46
dbcaadb9-4dc9-4e63-b9ad-d1adf4f83631,twisting.kim,available,5.98,32.98,high,low,8,namecheap,,,11/09/2026 21:52
3e1d278e-a610-4e45-8135-87ad3c462a57,assessable.kim,available,14.99,27.99,medium,low,10,name.com,,,07/08/2026 06:04
f56733cd-3918-4c72-8329-f115c695aa10,dock.kim,available,12.99,23.49,high,low,4,namesilo,,,22/09/2026 23:34
96bc174e-b828-49b3-a772-ed07edbb40ce,wedded.kim,available,5.98,32.98,high,low,6,namecheap,,,13/09/2026 09:30
26079694-67ba-403c-b979-d63415907be3,autobus.kim,available,12.99,23.49,medium,low,7,namesilo,,,21/09/2026 05:51
db852021-2427-4da6-ae82-c78ce82fefde,unbelievable.kim,available,12,,high,low,12,unstoppable,,,28/09/2026 07:08
962b1763-be0e-431c-94d6-a7afaccf5d75,hauling.kim,available,5.38,18.83,high,low,7,spaceship,,,30/09/2026 01:50
d2530485-e99a-47e0-8f5c-ee30c70a327e,antivenin.kim,available,12.99,23.49,medium,low,9,namesilo,,,19/09/2026 15:16
732b512d-f559-4b3e-9485-09b9e91c258d,meaty.kim,available,5.98,32.98,high,low,5,namecheap,,,24/08/2026 18:35
83b3054b-4045-42a6-a1bb-0c71ac162bb2,anhedonia.kim,available,12.99,23.49,medium,low,9,namesilo,,,19/09/2026 07:46
cd6d1ece-69f8-4c1a-8e45-e0db04393635,bain.kim,available,5.38,18.83,high,low,4,spaceship,,,28/09/2026 07:18
c54d6aa5-6705-49f3-af91-f408193edb02,record.kim,available,5.98,32.98,high,low,6,namecheap,,,24/09/2026 19:29
1bf55633-c9b2-466b-b898-f80c4bc0e566,whips.kim,available,5.98,32.98,medium,low,5,namecheap,,,17/09/2026 19:42
0fca2263-9874-43fe-a2cf-e105b06ce26c,atavistic.kim,available,5.98,32.98,low,low,9,namecheap,,,07/08/2026 12:55
98398f91-adaf-4dd0-9aee-ade80eca1648,havana.kim,available,12,,high,low,6,unstoppable,,,28/09/2026 13:38
2ce86104-61b4-4977-9fea-a4bd9a46fc59,lodi.kim,available,12,,medium,low,4,unstoppable,,,29/09/2026 15:13
872e1fba-4850-4a2c-b823-a15b69129030,veronal.kim,available,12.99,23.49,medium,low,7,namesilo,,,22/09/2026 04:56
c71bd691-8465-46cf-9a32-d6593853acb7,disneyland.kim,available,12.99,23.49,high,low,10,namesilo,,,29/09/2026 16:04
dafb06ee-8cfc-4e37-87c8-0a914a2c68b8,tubular.kim,available,5.98,32.98,medium,low,7,namecheap,,,11/08/2026 17:14
fe3b668d-32b9-46d9-a04a-b5542d50b1ba,agrology.kim,available,5.98,32.98,medium,low,8,namecheap,,,17/09/2026 19:36
762a3ed8-701b-4fba-84aa-4f0bd58b95f0,behalf.kim,available,12.99,23.49,high,low,6,namesilo,,,23/09/2026 03:04
c77765df-fdb1-4153-8b7d-a55a1ee95379,jets.kim,available,8.24,19.05,high,low,4,porkbun,,,28/09/2026 12:04
66844711-26be-4cf6-ab58-8dc1e1145350,rally.kim,available,5.98,32.98,high,medium,5,namecheap,,,21/09/2026 19:55
880af953-a88f-4f3d-ba25-a780fb4f1696,anglicans.kim,available,5.38,18.83,medium,low,9,spaceship,,,01/10/2026 17:55
7eb920c5-a3a8-4020-abfd-f42c898a0d4d,boxers.kim,available,12.99,23.49,high,low,6,namesilo,,,29/09/2026 03:50
e3b270c8-7b44-47a1-84ca-082d43650aac,lawrencium.kim,available,5.98,32.98,medium,low,10,namecheap,,,20/09/2026 22:00
f8fe402a-9717-4bc9-82d9-0013f5e6a3bb,busch.kim,available,12.99,23.49,medium,low,5,namesilo,,,27/09/2026 03:12
98ad3ffc-97c8-4758-83ba-fb47c27127d5,castled.kim,available,5.98,32.98,medium,low,7,namecheap,,,11/08/2026 20:28
814762ce-3ec3-42d9-99ed-9d9565e9aba9,calhoun.kim,available,12.99,23.49,medium,low,7,namesilo,,,27/09/2026 03:19
bb857267-4d93-4ff6-8290-ee4fd733297a,integrative.kim,available,8.24,19.11,high,low,11,dynadot,,,02/10/2026 18:25
5f4856f9-689b-4d66-88d2-dc7aa8fa6a36,shellfish.kim,available,5.38,18.83,high,low,9,spaceship,,,30/09/2026 18:03
c98b1d23-a5b9-4f4f-9ec0-b6e012bc326b,elmo.kim,available,5.38,18.83,high,low,4,spaceship,,,30/09/2026 05:11
8b494fec-a484-4a77-a9ab-f17cf3b68693,westhill.kim,available,14.99,,medium,low,9,name.com,,,
55d525c9-b666-45f5-b445-899ea6dd01de,frau.kim,available,5.38,18.83,high,low,4,spaceship,,,02/10/2026 15:14
0a858866-0d6c-4a6a-84fb-40cba758e175,jews.kim,available,5.98,32.98,medium,low,4,namecheap,,,
290d8098-ad60-46b5-92d4-f9419e539e1c,authorizer.kim,available,12.99,23.49,medium,low,10,namesilo,,,21/09/2026 05:13
dcd60409-14f8-4924-b3fe-beac92005d67,phases.kim,available,12.99,23.49,medium,low,6,namesilo,,,18/09/2026 14:38
26969d7b-e4d5-4b2a-be3f-6d6b28accfbc,reveal.kim,available,12.99,23.49,high,low,6,namesilo,,,30/09/2026 16:44
e4cac56a-4f25-4752-827e-be2e48056459,counterparts.kim,available,18.2,18.2,low,low,12,cloudflare,,,02/10/2026 13:55
9ea0931f-7c44-4105-9db0-db654a7554db,roth.kim,available,12.99,23.49,high,low,4,namesilo,,,25/09/2026 09:56
31f8b745-7866-4529-9cf0-b24214b06001,handwoven.kim,available,5.98,32.98,medium,low,9,namecheap,,,20/08/2026 23:19
9f153699-d711-4433-93ea-9fa94c6dff04,iec.kim,available,18.2,18.2,medium,low,3,cloudflare,,,28/09/2026 16:35
af5cc481-e0e5-4674-b2fe-71a7135e5097,amnesia.kim,available,12.99,23.49,high,low,7,namesilo,,,18/09/2026 22:18
8abbd583-837d-409b-b5c6-7513126eac20,daylong.kim,available,14.99,27.99,medium,low,7,name.com,,,13/08/2026 18:51
b2fec2a8-85b6-493d-8a08-07d9fe2e0224,defeat.kim,available,12.99,23.49,medium,low,6,namesilo,,,27/09/2026 12:58
4f0a937b-8656-4133-80aa-f1981fef06d6,allophonic.kim,available,5.98,32.98,medium,low,10,namecheap,,,
ad3e4220-3f2e-4421-bc4c-c80ca970bf44,votes.kim,available,5.98,32.98,high,low,5,namecheap,,,17/09/2026 13:26
6a2fa246-0e26-431f-9bad-a4ea20aa43cb,lacrimal.kim,available,5.98,32.98,medium,low,8,namecheap,,,22/08/2026 17:57
90d3a773-1d68-4b81-a6ae-b245ca5f4580,star.kim,resell,,,high,medium,4,"Xiamen ChinaSource Internet Service Co., Ltd",17/01/2026 15:15,17/01/2027 15:15,26/09/2026 09:16
2ce166a8-dca5-456f-b82b-565ed3be1c02,unpublished.kim,available,12,,medium,low,11,unstoppable,,,02/10/2026 01:35
a6e29ab2-c783-4c05-873d-c1e69a7828df,accordion.kim,available,12.99,23.49,high,low,9,namesilo,,,16/09/2026 23:02
6707a3ed-5bdc-4e1a-8193-b7cc27479de1,truthfully.kim,available,12.99,23.49,medium,low,10,namesilo,,,16/09/2026 09:34
34e8ed99-c915-42c5-a42f-e4df3b3d9265,nassau.kim,available,12.99,23.49,high,low,6,namesilo,,,29/09/2026 07:05
bd2beded-05cd-46f7-8b6e-507f77f046ce,olden.kim,available,5.98,32.98,medium,low,5,namecheap,,,04/09/2026 02:02
2e1ecade-d0cc-4c61-9663-b99d9d6290a0,buoyant.kim,available,5.98,32.98,high,low,7,namecheap,,,11/08/2026 10:06
f3163bc3-513a-4f98-906d-262afda23f04,commodious.kim,available,5.98,32.98,medium,low,10,namecheap,,,12/08/2026 19:10
883f2b6a-fc76-4d5b-8346-7314d8850519,spleen.kim,available,12.99,23.49,high,low,6,namesilo,,,30/09/2026 02:01
4d45a72c-4387-45f1-b40d-60b484f93a16,autofocus.kim,available,12.99,23.49,high,low,9,namesilo,,,21/09/2026 06:19